sn_name,sn_type,band,A,phi,sigma,k
SN2018etk,Ic,G,,,,
SN2020aauc,Ic,G,1.1535747741877216,59198.790570000005,45.67091559394366,0.10000000000000002
SN2020byp,Ic,G,1.2755367152737265,58895.85750000002,30.055311935949952,0.10000000017449168
SN2021agqw,Ic,G,1.2687245589313407,59568.53949000004,31.46507764135005,0.10000000000385892
SN2007C,Ib,i',1.2355720647416264,54113.907549923206,23.535364269809318,0.10000000000004261
SN2007C,Ib,r',1.2189297603966631,54113.27045752267,22.1402459271217,0.10000000000000002
SN2005gt,Ic,g',1.4836374587859724,53634.36266788589,15.616110953927771,0.10016756357459436
SN2005gt,Ic,i',1.2083439787145238,53634.25761302223,28.416822409187898,0.10000000000000006
SN2005gt,Ic,r',1.427365021732683,53633.41100989017,16.433312607556005,0.3940101972095516
SN2005gt,Ic,u',1.0178868829018668,53627.36994160308,42.8005503707673,0.10009566483480904
SN2005gt,Ic,z',0.7799193323959703,53632.49240142877,125.46519556222356,0.10000000000000002
SN2019smi,Ic,G,,,,
SN2004gt,Ib_c,i',1.237355814686984,53380.47221000001,26.587304776246196,0.10000000000000002
SN2004gt,Ib_c,r',1.1021875063230477,53380.470830000006,37.84211719968256,0.10000000000000002
2007ag,Ib,i',1.233656921850996,54168.26721697421,24.577983392446004,0.10000000000000002
2007ag,Ib,r',1.2884857810683619,54164.48204591183,24.392124813209495,0.10000000000000002
SN2017hix,Ic,G,1.2614847212634372,58035.552986893446,52.21003075524263,0.10000000000000002
SN2017ewx,Ib,G,1.8105209562475724,57923.71436720522,55.609910121159075,0.10000444245849628
2008D,Ib,i',1.1090708937098281,54479.00779561985,19.445160637483873,0.777538858230767
2008D,Ib,r',1.096227947078632,54478.89348013354,17.08436858602943,0.7988505285328962
SN2020bmj,Ib,G,,,,
SDSS-II SN 15757,Ib_c,g',1.0466163451540648e-15,54004.27906066687,2.899586942082732,13.294612600411511
SDSS-II SN 15757,Ib_c,i',1.0979108091035122e-15,53999.96170593697,3.6787844072988403,13.276934164879593
SDSS-II SN 15757,Ib_c,r',1.0662226132106078e-15,54002.21956946068,3.340135702451844,13.301025527987024
SDSS-II SN 15757,Ib_c,u',1.0960565397286823e-15,54002.998174724795,2.944329226428879,13.281045550662416
SDSS-II SN 15757,Ib_c,z',1.1099249275702889e-15,53977.68949917916,5.541374428132106,13.256057457926012
SN2022baz,Ic,G,,,,
SDSS-II SN 20866,Ib_c,g',5.619941782662461e-10,54384.741072273515,1.7470962782844914,9.455382683832536
SDSS-II SN 20866,Ib_c,i',1.1318222126419937e-15,54356.61230217877,4.009061024927279,13.239940343717413
SDSS-II SN 20866,Ib_c,r',1.1182298251682647,54402.2505979095,23.283355046028802,0.10000000000863664
SDSS-II SN 20866,Ib_c,u',4.735123041573094,54394.344254123156,3.4796356052585873,0.4046587447036182
SDSS-II SN 20866,Ib_c,z',0.7457664941125344,54379.34771314852,110.84161868453249,0.10000000000560953
SDSS-II SN 6367,Ib_c,g',1.0103256967272567,53649.1136118439,20.509261840244893,0.10005823216619145
SDSS-II SN 6367,Ib_c,i',0.9656301454608626,53668.024712486425,25.904954910721703,0.10000000000023432
SDSS-II SN 6367,Ib_c,r',1.6142278255592235,53653.91287808595,10.684060439704128,0.4679198122916917
SDSS-II SN 6367,Ib_c,u',0.5569690741882104,53618.154050000005,106.44965128256008,0.10000000000001047
SDSS-II SN 6367,Ib_c,z',0.6542791643364347,53640.231910242146,199.99999994832734,0.24082036589181496
SN2015K,Ic,G,1.2421563382467247,57141.64751000001,21.815886792621907,0.10000000000000002
2006el,Ib,i',1.2776889837088263,53979.463260000004,32.40869001878875,0.10000000000000002
2006el,Ib,r',1.2374752300750669,53979.46557000001,26.27846568030559,0.10000000000000256
SN2007kj,Ib_c,i',1.2423615216012425,54377.11249251324,24.937210329613972,0.10000000000003473
SN2007kj,Ib_c,r',1.21728223400786,54377.10060866706,19.96110206694649,0.10000000000129233
SDSS-II SN 5339,Ib_c,g',0.7494969573423462,53635.29121026175,10.158450934482893,1.2865101928547804
SDSS-II SN 5339,Ib_c,i',1.5638207634566628,53644.877902659566,19.312842140631943,0.1999246749838296
SDSS-II SN 5339,Ib_c,r',1.4311924668191296,53645.183039725445,25.225063908834343,0.10000000105879576
SDSS-II SN 5339,Ib_c,u',0.6908614113467071,53636.13170382842,25.16454650266829,0.10002456446317608
SDSS-II SN 5339,Ib_c,z',1.206483016000431,53636.133216858885,54.21844727907217,0.14305360911558432
SDSS-II SN 20874,Ib_c,g',1.4103783538453099,54402.2859275188,17.635345757410292,0.4698175801616893
SDSS-II SN 20874,Ib_c,i',0.019252730343367566,54399.16284700868,5.295066446100484,3.271963047828371
SDSS-II SN 20874,Ib_c,r',1.1229682100181129,54418.20503,10.825980000000223,2.0
SDSS-II SN 20874,Ib_c,u',1.8961816053559335,54394.28457571054,9.089053297487625,0.257606042133072
SDSS-II SN 20874,Ib_c,z',1.2047072027056078e-15,54376.583558646606,3.507958838804718,13.261589803428492
2005kz,Ic,i',1.2129983459671783,53709.26452758283,38.529360890394756,0.10000000000000002
2005kz,Ic,r',1.2946493605054328,53705.064880000005,30.426161499057454,0.13184395765961937
SDSS-II SN 11241,Ib_c,g',1.0947886241296228e-15,53671.96058747348,1.6692557058288482,13.33079776725979
SDSS-II SN 11241,Ib_c,i',0.9933071627083618,53698.38111416406,15.891033911711252,1.9872836091462915
SDSS-II SN 11241,Ib_c,r',1.2463087899571512,53687.364741565274,27.560485021331413,0.270992610287508
SDSS-II SN 11241,Ib_c,u',3.1195010299070325,53686.30876335886,4.265068545324534,0.3256617758919052
SDSS-II SN 11241,Ib_c,z',1.1394957220371523e-15,53641.22820502245,4.050793583751966,13.147829867293776
SN2021vtk,Ib,G,,,,
SDSS-II SN 19190,Ib_c,g',3.8042034048761176e-11,54341.19572000001,5.441653408195878,10.151024810541076
SDSS-II SN 19190,Ib_c,i',0.4793488585980024,54341.193230000004,67.75954893400203,1.2831549587286208
SDSS-II SN 19190,Ib_c,r',0.009283796092016208,54341.19241000001,18.491872683693156,3.575236269065453
SDSS-II SN 19190,Ib_c,u',0.9624834176505258,54431.4016128793,21.449821501860317,2.675298482268665
SDSS-II SN 19190,Ib_c,z',0.688244066504627,54341.194890000006,199.9999999997385,0.549017065772314
SN2017iwh,Ic,G,1.2521222753031158,58091.174770000005,53.99328200706189,0.10000000000174616
SN2005mf,Ic,i',1.2486676326090091,53732.58601158681,27.79259360310365,0.10000000000000012
SN2005mf,Ic,r',1.2459699703814693,53732.85851538587,20.268129350096036,0.10000000000000012
SN2019svd,Ib_c,G,1.820053009500894,58807.40067928071,6.455984615293663,2.377801739921887
SN2017hfw,Ic,G,4.852603363726741,57954.56664193405,72.13449208996747,0.10000000023197245
SN2016jag,Ib,G,3.821998698692346,57768.49746417387,13.491304992183059,0.7598824380884276
SN2020nf,Ic,G,1.6455605227078256,58853.32224681528,19.84930287010831,0.37922244417267476
SN2019wzj,Ic,G,0.8802451395926586,58846.46500564862,33.24891871192643,0.16652819431378638
SN2018cim,Ib,G,1.2415450316561913,58279.72522000001,36.486962205733995,0.10000000000000028
SN2021kos,Ib,G,0.8735823888126316,59340.0166125046,8.010238749334825,1.630168661204953
SN2022cb,Ib,G,,,,
SDSS-II SN 17107,Ib_c,g',0.27454493042999406,53970.389650000005,199.99999999489395,0.3416131547428469
SDSS-II SN 17107,Ib_c,i',4.160514282892814,54059.32426555583,0.7256285805260896,0.5489278461779714
SDSS-II SN 17107,Ib_c,r',0.9226496000013711,54010.349273452455,15.450257854525557,0.10000000000000002
SDSS-II SN 17107,Ib_c,u',0.18777508238380472,54020.35077601957,192.30319835697597,0.1135989414454036
SDSS-II SN 17107,Ib_c,z',0.7812518665460035,54024.01886952484,18.501436911882617,0.6436008886563706
SDSS-II SN 20999,Ib_c,g',0.8153275450341216,54357.34419684092,49.2865438199138,0.11258438598502125
SDSS-II SN 20999,Ib_c,i',0.7056248595334362,54347.36623552879,24.79568643317367,0.10000185330458726
SDSS-II SN 20999,Ib_c,r',0.47840644711028096,54359.37265992008,51.950974023431975,0.11097810848128023
SDSS-II SN 20999,Ib_c,u',0.9729194836171369,54422.48865721198,17.880769883895972,2.4874492949173304
SDSS-II SN 20999,Ib_c,z',0.3611571909118545,54375.228452547206,13.981973195755145,0.8599761768962298
SN2019uda,Ib_c,G,0.7930316633577078,58802.53917259171,15.032581207318165,1.5316981235765117
2007iq,Ic/Ic-BL,i',1.1172245257339126,54358.43263000001,54.06152025985291,0.10000000000000002
2007iq,Ic/Ic-BL,r',1.1039245303788932,54358.434940000174,58.05207857588026,0.10000000000000868
SN2021hrj,Ib,G,1.267394073900478,59324.2886132279,44.99043297242249,0.10000000000000007
2004fe,Ic,i',0.8428456904011675,53319.98577163312,0.569556134550511,1.6980725646628259
2004fe,Ic,r',0.9874326385295832,53320.39031224264,3.8174906480286994,1.9761220132067836
SN2018jq,Ib,G,,,,
SN2006bf,Ib,i',1.2447304566876698,53822.39201000001,21.029614948882184,0.10000000000000003
SN2006bf,Ib,r',1.2425358221180904,53822.38970000001,21.67449438702844,0.10000000000000002
2009iz,Ib,i',0.7319005649950959,55090.6842434941,18.686749875132357,1.2263824720421865
2009iz,Ib,r',0.9446876145802526,55091.82473549133,18.118570274738058,0.9957080289621698
2009iz,Ib,u',0.06187679458952174,55090.43785000001,5.615607376490715,2.586451287661262
2004gk,Ic,i',1.1272930901817908,53333.53308000001,35.030697476497636,0.10000000000000002
2004gk,Ic,r',1.1125444356053138,53333.532080000004,31.202521858217743,0.10000000000000002
SN2018oz,Ic,G,1.2450555386924615,58147.24985000026,38.60045132142797,0.10000000002059051
2006lv,Ib,i',1.1948510699473045,54038.490580000005,52.731229011833925,0.10000000000000048
2006lv,Ib,r',1.0879862266873341,54040.48866000011,52.69119288003249,0.10000000000001034
2004gq,Ib,i',1.560124298436229,53351.36433735736,34.212915745034216,0.19919998207520742
2004gq,Ib,r',1.1436980342881922,53374.20745000001,34.06392302960522,0.10000000000000002
SN2006fo,Ic,g',1.454264565142844,53992.92834570559,15.816975726393347,0.46638218714960356
SN2006fo,Ic,i',1.3107201615039985,53996.340792082294,35.87025297936263,0.16598629978649043
SN2006fo,Ic,r',1.3720500655413363,53996.40665204863,31.58858796948074,0.10000000000019142
SN2006fo,Ic,u',9.06237674574562e-16,53974.718327910894,1.8552040763434268,13.410429528176797
SN2006fo,Ic,z',1.347627576355665,53993.67498772358,43.7961624597705,0.32786678443375294
SN2020voz,Ib,G,1.2455762595709214,59154.58991000001,81.27086739100186,0.10000000000000002
SN2017fwm,Ic,G,0.6576487571640943,57965.42347775584,2.243718831287407,1.3398269514184995
SN2019azq,Ic,G,1.1824260603466266e-15,58544.16351353777,1.2987779265221981,13.358043647147156
SN2006qk,Ic,g',1.0,54068.16415,12.476166666666055,2.0
SN2006qk,Ic,i',1.0,54068.16166,12.476166666666055,2.0
SN2006qk,Ic,r',1.0,54068.16083,12.476166666667268,2.0
SN2006qk,Ic,u',1.0,54068.16249,12.476166666667268,2.0
SN2006qk,Ic,z',1.0,54068.16332,12.476166666666055,2.0
2009jf,Ib,i',1.321603743744727,55118.7294460494,29.399929985390198,0.10944075710718354
2009jf,Ib,r',1.3010424989008103,55118.69657127809,26.811446782399877,0.10000000000000045
2009jf,Ib,u',1.2609015535112509,55118.58602058888,9.461463289633725,0.1000000000346347
SN2007ru,Ic_Pec,i',1.5287755964255432,54438.99018714414,16.912249579352377,0.10000000000000106
SN2007ru,Ic_Pec,r',1.4309738706962658,54438.90817237099,15.55871493511252,0.10000000000000295
SN2008bo,Ib_c,i',1.2421510561146207,54563.40050990745,26.862279848499796,0.10000000000006493
SN2008bo,Ib_c,r',1.2587914390932846,54563.40416738268,21.612936129169874,0.10000000000001076
SN2020aers,Ib_c,G,1.2205333814197763,59208.16311000001,52.67581510398122,0.10000000000000131
SN2018isl,Ib,G,,,,
SN2005hm,Ib,g',1.500829448525502,53637.17915245139,16.700281995420024,0.10461631373273612
SN2005hm,Ib,i',1.3288473533811236,53644.09819889408,29.89923476900933,0.10000000000000007
SN2005hm,Ib,r',1.349753382735324,53643.83541008148,25.844235895291078,0.10000000000000128
SN2005hm,Ib,u',2.1924657295666834,53637.17754194279,7.662490656087545,0.12649619002852094
SN2005hm,Ib,z',1.2571106241519632,53635.83536571741,30.511540388050303,0.441500464739801
SN2022S,Ib_c,G,0.9085586235677716,59580.346280000005,5.8503471947344945,0.999262377165227
SDSS-II SN 20682,Ib_c,g',1.1135212665381171,54424.84377936854,25.99432364981524,3.072170057648991
SDSS-II SN 20682,Ib_c,i',0.4854685202341356,54403.870981966065,6.911046423121373,1.2981793127305297
SDSS-II SN 20682,Ib_c,r',2.4717214682649553,54431.25522,14.490728333334118,2.0
SDSS-II SN 20682,Ib_c,u',298.9405598067338,54385.18588469266,171.8923218969516,19.999998743709416
SDSS-II SN 20682,Ib_c,z',5.348100238012733,54431.25771,14.490728333334118,1.9999999999999996
SN2017jmj,Ic,G,1.5921918346788493,58125.27673857823,6.780777601750834,0.5035338992895715
SN2021rjj,Ib,G,1.2967393770101274,59399.49382000001,25.19823368628096,0.10000000000000005
SN2020bpf,Ib,G,1.2452188340549502,58898.203850000005,28.11515954804055,0.10000000000000002
SN2018gsk,Ic,G,1.2534043424578158,58388.25953000001,46.722243014457476,0.10000000255511068
SN2005nb,Ic,i',1.1748810417454847,53740.52534000001,34.80346206357945,0.10000000000000002
SN2005nb,Ic,r',1.1657392401617943,53740.523720000005,31.16801043186577,0.10000000000000002
SN2004gv,Ib_c,i',,,,
2005kl,Ic,i',1.2500140157876982,53698.52495991814,32.87861081174695,0.10000000000000024
2005kl,Ic,r',1.239369147120027,53698.753670281134,28.388256589551244,0.10000000000000002
2008an,Ic,i',,,,
SN2020avf,Ib,G,,,,
SN2020qbu,Ic,G,,,,
SN2021lax,Ib,G,,,,
SN2020aut,Ic,G,,,,
SN2020clr,Ic,G,1.2281722061491378,58899.003905532016,25.104289413689564,0.10002374233321173
2007gr,Ic,i',1.0676358343308012,54343.396960000005,27.56833092389102,0.10000000000000002
2007gr,Ic,r',1.0517406422791293,54342.438620000146,23.9697115657944,0.10000000004040253
Gaia21fog,Ib,G,,,,
SDSS-II SN 16768,Ib_c,g',1.344025455783053,54039.14024267578,19.55339497596556,0.10299438990978964
SDSS-II SN 16768,Ib_c,i',1.228907936004092,54039.04328060302,11.863085987573577,0.7682071277058046
SDSS-II SN 16768,Ib_c,r',1.1427756982939539,54039.13693780126,28.3252657283473,0.10576645913163918
SDSS-II SN 16768,Ib_c,u',0.9182393100176859,54036.141223002625,20.2279031166089,0.13381716412584493
SDSS-II SN 16768,Ib_c,z',1.142752414332625e-15,53998.58366279142,4.034470120020789,13.176685589288903
SDSS-II SN 19045,Ib_c,g',0.9915443992368316,54373.044058718384,31.919653999448705,0.10000000001256952
SDSS-II SN 19045,Ib_c,i',0.9503197457342489,54373.19623208215,67.16782057444699,0.10000000000031585
SDSS-II SN 19045,Ib_c,r',0.7695693178070065,54372.32476719801,53.518615618761366,0.10000000000003079
SDSS-II SN 19045,Ib_c,u',0.5509290001694095,54373.20332780139,24.98786287919439,0.15716667252192293
SDSS-II SN 19045,Ib_c,z',0.615097934657531,54373.20416442391,47.10255879361035,0.11757010600038227
SDSS-II SN 16282,Ib_c,g',0.7285114031071885,54040.262671064316,55.132697958388725,0.103384518656593
SDSS-II SN 16282,Ib_c,i',0.8461956419362514,54035.63009748577,13.209218343727558,1.121462985675855
SDSS-II SN 16282,Ib_c,r',0.07688577006240759,54030.54353288207,8.102084952363612,2.5490415518850367
SDSS-II SN 16282,Ib_c,u',0.6039160368827663,54008.1895821382,40.40495193982685,0.3348876939032678
SDSS-II SN 16282,Ib_c,z',1.052181812278956e-15,54014.467367484154,2.805150943320611,13.262258530762267
SN2021njk,Ib,G,1.2512797016312367,59369.27212000001,32.25894345076395,0.10000000000000002
SN2019dwy,Ic,G,,,,
SDSS-II SN 14661,Ib_c,g',1.3286682414421633,54000.36626929615,15.337529035274695,0.10000000000004516
SDSS-II SN 14661,Ib_c,i',0.41008817720552443,54025.41224743667,14.813890953441687,0.10978753414738243
SDSS-II SN 14661,Ib_c,r',1.3029618889031573,54000.37207184726,19.85607364303543,0.10000000316045828
SDSS-II SN 14661,Ib_c,u',0.33225744912764565,53970.38797000001,199.99999999999997,1.301781806656441
SDSS-II SN 14661,Ib_c,z',0.9662060152185975,54063.65483660778,19.46618387549459,2.190615023152325
SN2006cb,Ib,i',1.3921139687528674,53858.209220000004,15.260410980644215,0.100000000000555
SN2006cb,Ib,r',1.373284401103936,53860.86535820195,11.480282707902317,0.19719248383584653
SN2018ie,Ic,G,,,,
SDSS-II SN 20552,Ib_c,g',0.00782054701347409,54387.78731337222,5.417614847389342,3.647164659768445
SDSS-II SN 20552,Ib_c,i',1.0480691280711751,54392.026842568266,19.49228336786146,0.9566177046185026
SDSS-II SN 20552,Ib_c,r',0.09435551741376479,54391.65077062685,8.514898608956932,2.4539200072016984
SDSS-II SN 20552,Ib_c,u',0.8446997497619125,54357.26814018432,33.04313819211858,0.10328404815516702
SDSS-II SN 20552,Ib_c,z',1.6754395687188275,54352.26858000001,199.99999998976145,2.2650779203198965
SDSS-II SN 8196,Ib_c,g',0.6767065627221232,53667.0026572917,7.590567848230349,1.2442273924491225
SDSS-II SN 8196,Ib_c,i',1.0366831563274168,53669.41992610163,14.259600097198044,0.7320717267229263
SDSS-II SN 8196,Ib_c,r',0.9825113330882054,53669.03707127371,11.280187230088213,0.9408760100859109
SDSS-II SN 8196,Ib_c,u',0.6649383713893159,53668.17781441456,46.98777314677721,0.10101903016959268
SDSS-II SN 8196,Ib_c,z',1.909241022113859,53702.14949,14.649563333333704,2.0000000000000018
SN2019buy,Ib,G,1.337309991012031,58583.786482291645,67.74449256973898,0.14569839659231726
SN2007qw,Ic,g',1.659888272488646,54402.2632793535,11.235781140243361,0.1199799911549445
SN2007qw,Ic,i',1.3320980220747227,54407.34794383013,22.87200054488349,0.20188440814208175
SN2007qw,Ic,r',1.0589046770048396e-15,54385.23257209434,2.0270085602769012,13.314281546931664
SN2007qw,Ic,u',2.741237140397105,54394.25278017403,5.572966029295006,0.29286811491043513
SN2007qw,Ic,z',1.0,54424.16723,12.65209166666682,2.0
SN2016ghi,Ic,G,1.395873613302303,57643.92798681192,35.818959180442626,0.1000000000000127
SDSS-II SN 10396,Ib_c,g',0.581916152594496,53664.19965512734,16.88682296152534,0.15744491077101305
SDSS-II SN 10396,Ib_c,i',0.9482896162338419,53700.662557823875,23.441841180013963,2.9307869078086535
SDSS-II SN 10396,Ib_c,r',2.4261928222605604,53666.159851555974,2.8796620437660287,0.10002231150578832
SDSS-II SN 10396,Ib_c,u',0.35551995843824225,53617.248380000005,199.99999999999207,0.10000000000000002
SDSS-II SN 10396,Ib_c,z',0.42101832112945053,53646.57774634026,33.46784830419454,0.9209438052570752
SN2020zgl,Ib,G,1.2588453882825144,59188.82209000001,32.7163538447032,0.10000000000137942
2005az,Ic,i',1.246107709413826,53471.774892893496,35.9225766774886,0.10821538848556922
2005az,Ic,r',1.2476121758326513,53467.73029347596,36.12865941236929,0.10000000000000002
SN2006gi,Ic,i',1.1725776125197482,54002.48100000001,36.433048869013525,0.10000000000000002
SN2006gi,Ic,r',1.1278074963087334,54002.484000000004,39.00105769921778,0.10000000000000002
SN2009er,Ib,i',1.301893260604963,54975.45978000002,14.008811069751829,0.6846503277879605
SN2009er,Ib,r',1.4253326540625268,54977.64099561302,12.913200555988496,0.4533340493142609
SN2019dwa,Ic,G,,,,
SN2017ein,Ic,G,1.6666054120038878,57900.41851280826,47.076276766586844,0.2637770538929535
SDSS-II SN 16085,Ib_c,g',1.1325414185473785e-15,54014.8455987952,1.831425695369114,13.218359388258834
SDSS-II SN 16085,Ib_c,i',1.0395384386216058,54030.74820995737,28.390027713063667,0.17477220096397747
SDSS-II SN 16085,Ib_c,r',1.3870773868637236,54029.27187730809,21.572315479082864,0.37556948433818066
SDSS-II SN 16085,Ib_c,u',8.664529275444685e-13,53969.33242000022,5.401170384062954,11.245859935240794
SDSS-II SN 16085,Ib_c,z',0.7307714503699602,53969.333250000134,89.68407693863278,0.6910491831040085
SN2005cy,Ib,G,2.4095500419311935,58203.01221473855,23.130588179042018,0.10000864998430467
SN2019qwo,Ib,G,87.54788674185039,58750.80721000205,1.889113415534247,2.0000000043799737
SN2020dhm,Ic,G,,,,
2007rz,Ic,i',1.1274989873160184,54449.28029000001,24.936491090829136,0.10000000000000002
2007rz,Ic,r',1.1209493993717095,54449.282620000005,23.672375658090417,0.10000000000000002
SN2021rfs,Ib,G,1.4129230895676277,59406.67895974085,13.919807148311975,0.10000007405263281
SN2017dch,Ic,G,,,,
SN2018dbg,Ib_c,G,1.2335994170572606,58303.25925000018,23.872603288504408,0.10000000143845152
SN2007I,Ic,i',1.2506048750405525,54112.44748000001,42.055864998227875,0.1000000000000453
SN2007I,Ic,r',1.2645827648794186,54112.44911000001,31.479734153539635,0.10000000000000084
SN2018gle,Ic,G,,,,
SN2021qzp,Ib_c,G,1.0448403041020449,59423.403366001585,26.28237109801713,0.10031885738999019
2007aw,Ic,i',1.4289337683124783,54180.259920090095,14.769589036032746,0.22283612685935267
2007aw,Ic,r',1.4359667963739389,54180.26222000182,13.787493219204798,0.10000000031421451
SN2016bkj,Ib,G,0.6581848405734056,57477.38285363855,4.884143735654543,1.3931751600431483
SN2006lc,Ib_c,g',0.08915054454042194,54026.39178782048,5.2599125680579775,2.5446781292024965
SN2006lc,Ib_c,i',1.4958407294690859,54035.53253092518,16.578983490289787,0.31266294184527654
SN2006lc,Ib_c,r',0.39094826916341646,54027.2082186421,8.3186344451502,1.6807150435872786
SN2006lc,Ib_c,u',1.2215047881869332,54031.18911742528,12.812992370391799,0.1020623059865339
SN2006lc,Ib_c,z',0.09537913515228996,54024.1232041523,8.437967890998458,2.50020850989284
SN2018alc,Ib,G,1.17938816393903,58224.99541000001,40.28915101845067,0.10000000000000002
SN2019klq,Ib,G,1.2445201981196437,58684.840010000014,34.74309019495608,0.10000000005054184
SN2017ihf,Ib,G,1.2649628778581505,58079.564510000004,25.601757027635042,0.10000000000000002
SN2019rlw,Ib,G,1.2294489455904405,58773.29385000001,45.05357014579012,0.10000000000501473
SDSS-II SN 6520,Ib_c,g',1.1599207486472055e-15,53638.673155799435,3.4807574530167598,13.261835749925371
SDSS-II SN 6520,Ib_c,i',1.1747285924592517e-15,53625.952502472195,4.844193151157935,13.279301138782166
SDSS-II SN 6520,Ib_c,r',1.1500045727546813e-15,53623.492683556964,5.032399138213839,13.261669858976868
SDSS-II SN 6520,Ib_c,u',1.095161166781124e-15,53653.44962080459,2.429485663453215,13.098710216858548
SDSS-II SN 6520,Ib_c,z',4.7388232948764175e-14,53617.28638558482,6.058118052997559,12.144950229273391
SN2006ir,Ib_c,i',1.1723428921387808,54011.252080000006,33.735967488079844,0.10000000000000002
SN2006ir,Ib_c,r',1.1936370094659083,54011.25439000001,36.724462518511324,0.10000000000000002
2006ck,Ic,i',1.2827939097666623,53874.27072000001,23.81282252477383,0.10000000000000002
2006ck,Ic,r',1.213915774929009,53874.27302000001,27.65899129835923,0.10000000000000002
2007uy,Ib-pec,i',1.331405601313834,54473.712889968956,25.117751452600324,0.29693998214327494
2007uy,Ib-pec,r',1.333472010984819,54473.65939221408,20.38671686693869,0.3288364449009003
2006ep,Ib,i',1.3888229821724136,53979.38378593746,20.150558155228026,0.38818547378554996
2006ep,Ib,r',1.445382511941804,53984.341722799494,18.445894689939017,0.10000000000152298
SN2019tls,Ib,G,1.3745073990445018,58801.64082000001,16.49549873312007,0.10000000001613706
SN2006jx,Ib,g',1.1984570079234629,54019.48220451045,7.630203568573165,0.1000004080075945
SN2006jx,Ib,i',0.2531386502876751,54001.88394607215,14.705259445195972,1.9111758356900568
SN2006jx,Ib,r',4.404487320248137e-15,53984.46885297005,3.5499652025281025,12.868287543904147
SN2006jx,Ib,u',1.0,54065.39815,12.654666666666648,2.0
SN2006jx,Ib,z',0.2859613222515055,54034.97848010472,8.313168442010278,1.483098164042275
SN2021lvb,Ib,G,1.374352274413452,59346.42397371279,29.621185045974112,0.23813897237827722
SDSS-II SN 17312,Ib_c,g',0.34630835687012235,54353.80816166975,43.28529763559027,0.4759751107957476
SDSS-II SN 17312,Ib_c,i',1.0330619573149469,54341.41876000001,27.031975791685525,0.10000000000000002
SDSS-II SN 17312,Ib_c,r',1.0818446171946199,54341.41793000001,18.513053755856255,0.10000000000000002
SDSS-II SN 17312,Ib_c,u',0.9173454109530091,54403.34444650703,17.564016438800824,0.24808310867691702
SDSS-II SN 17312,Ib_c,z',1.0476090441137842,54341.42042000001,43.887360363782854,0.10000000000000013
2005kf,Ic,i',1.139860186171333,53694.357330000006,34.5005681462983,0.10000000000000002
2005kf,Ic,r',1.171054322611302,53694.35573000001,37.925959023561894,0.10000000000000017
SDSS-II SN 22282,Ib_c,g',0.6434987097768741,54381.406319159854,59.466818287489446,0.15576917318664818
SDSS-II SN 22282,Ib_c,i',0.9538624392026289,54346.38994992459,13.467923428497597,0.20121035561196746
SDSS-II SN 22282,Ib_c,r',0.3230385101433008,54396.26695384215,67.54067881968922,0.10040724258357335
SDSS-II SN 22282,Ib_c,u',0.6243276829986633,54384.38441106072,16.62054855332548,0.6060702046799779
SDSS-II SN 22282,Ib_c,z',0.588717173075139,54346.39127610624,178.33136977259102,0.16522263750910882
SN2007cl,Ic,i',1.3979808301425656,54245.255840171376,18.2815112294564,0.3905767760435679
SN2007cl,Ic,r',1.369689401442333,54245.02569999337,14.640738331413731,0.4468892356376114
SDSS-II SN 20301,Ib_c,g',2.883409415911909e-14,54360.95765408805,3.143110140644502,12.352511782994213
SDSS-II SN 20301,Ib_c,i',0.6734872333972065,54385.99813021275,18.447297142676963,1.0753532940548962
SDSS-II SN 20301,Ib_c,r',0.8085803006323983,54383.96597651862,19.063675210324334,0.9269574092244419
SDSS-II SN 20301,Ib_c,u',1.139785295832332,54341.42151000001,16.482411478573045,0.10000000000000002
SDSS-II SN 20301,Ib_c,z',0.4747478443162607,54401.53529657963,7.149286531846523,1.4024391311044033
SN2016gkm,Ib_c,G,1.2906090629194227,57647.315950000004,23.645039016357536,0.10000000000000002
SN2019yz,Ic,G,1.275507282193636,58514.72314000035,26.796127790400494,0.10000000036160883
2006ld,Ib,i',1.1259304738906921,54039.23715000001,37.03980567673365,0.10000000000000615
2006ld,Ib,r',1.1030954844696892,54039.23877000001,37.74256655910117,0.10000000000000045
SDSS-II SN 8086,Ib_c,g',3.44979078222987e-08,53617.41618000001,6.144224325795208,8.141871938360339
SDSS-II SN 8086,Ib_c,i',5.684364231213571e-08,53617.41369000001,5.987035518786203,7.960639500530406
SDSS-II SN 8086,Ib_c,r',1.8701411709888697e-11,53617.412860012184,4.753201818279798,10.467242523011059
SDSS-II SN 8086,Ib_c,u',1.2365971260861146,53638.39774998009,19.027376908004445,0.10000001257482419
SDSS-II SN 8086,Ib_c,z',0.8977295310610196,53665.43261901884,17.91185860746209,0.10001781976795766
SN2017eye,Ic,G,1.7160227706588198,57926.698593586596,53.38902678234128,0.12153305039055862
SN2019fxo,Ib_c,G,1.276876746244312,58641.466100000005,22.752804913642628,0.1000000000003616
SN2017hbx,Ic,G,1.2286911107873617,58024.84455000001,36.452176922444124,0.10000000000006286
SN2005hg,Ic,i',1.1389988845800116,53671.75241630656,18.65829933969833,0.762576643900386
SN2005hg,Ic,r',0.8676218632736062,53668.706414194385,14.209605403891375,1.0795056381650812
SN2020abdw,Ic,G,,,,
SN2020nke,Ib,G,1.2335061953699205,59030.975640000004,35.91888336895153,0.10000000072404278
2005bf,Ib,i',0.1682807781336605,53466.23685000001,16.463909780698827,2.177953120312533
2005bf,Ib,r',0.0501812690137026,53466.235160000004,11.2997091835414,2.8236785693020217
2007C,Ib,i',1.2355720647416264,54113.907549923206,23.535364269809318,0.10000000000004261
2007C,Ib,r',1.2189297603966631,54113.27045752267,22.1402459271217,0.10000000000000002
SN2008D,Ib,i',1.1090708937098281,54479.00779561985,19.445160637483873,0.777538858230767
SN2008D,Ib,r',1.096227947078632,54478.89348013354,17.08436858602943,0.7988505285328962
SDSS-II SN 12081,Ib_c,g',1.4683604968173671,53687.11289612359,24.848855277642507,0.10083379280546034
SDSS-II SN 12081,Ib_c,r',1.3073542824419113,53700.066659783086,13.314689545567289,2.0000000188634353
SN2020oi,Ic,G,,,,
SN2019dps,Ic,G,1.2719298881185606,58587.14634000073,24.63008116351545,0.10000000034414641
SN2007ce,Ic_Pec,i',1.2858219471643595,54222.29504389546,26.903392355587584,0.10000000000000002
SN2007ce,Ic_Pec,r',1.2861037163095432,54221.23032000001,23.392145665986156,0.10000000000000002
SDSS-II SN 20886,Ib_c,g',0.8631619121569605,54385.01624137422,10.896451411668613,0.7188813226542353
SDSS-II SN 20886,Ib_c,i',1.3093181539429304e-15,54342.44549265832,5.151967353546684,13.158265327603308
SDSS-II SN 20886,Ib_c,r',1.060636423387172,54390.501928693586,20.4916298568761,0.16548556385762378
SDSS-II SN 20886,Ib_c,u',0.46397900133244196,54345.62060932721,199.99999999999218,0.8269020499783346
SDSS-II SN 20886,Ib_c,z',0.5686260013653067,54342.40099018845,199.99999983132432,0.41388990848650886
SN2019yxp,Ib,G,1.239609920504032,58839.908550000015,25.387720190185163,0.100000000002485
SN2019oys,Ib,G,0.9953181230629068,58717.46854000161,199.99999999447462,0.10000142169780739
SN2007rz,Ic,i',1.1274989873160184,54449.28029000001,24.936491090829136,0.10000000000000002
SN2007rz,Ic,r',1.1209493993717095,54449.282620000005,23.672375658090417,0.10000000000000002
SN2019ahg,Ic,G,,,,
SDSS-II SN 16452,Ib_c,g',7.595427894849213e-09,54022.4343154184,2.381206840417417,8.702957994763077
SDSS-II SN 16452,Ib_c,i',2.115445469847272e-09,53970.19821000001,8.35219576420272,8.944642373812322
SDSS-II SN 16452,Ib_c,r',1.1775549872987554,54034.20677142003,39.13950992403853,0.10300964378240496
SDSS-II SN 16452,Ib_c,u',1.0,54068.12307,15.487338333333659,2.0
SDSS-II SN 16452,Ib_c,z',0.5170512944805334,53996.170983595635,199.99999999383704,0.24731004931472353
SN2016dsl,Ib_c,G,,,,
Gaia14aam,Ib_c,G,0.5902420285948711,56904.03861001063,12.982903086633101,1.440788097494376
SN2007bg,Ic_Pec,i',,,,
SN2018hpq,Ic,G,1.5373274971076563,58443.2259446071,48.12062718326726,0.10000000000001226
SDSS-II SN 15367,Ib_c,g',0.8002319121069045,53997.39199797775,48.858927155154504,0.12841650379857242
SDSS-II SN 15367,Ib_c,i',0.6138164407345393,54019.25628510983,28.029096341709042,0.10722837804661325
SDSS-II SN 15367,Ib_c,r',1.1348728483928665,54007.31761489805,7.50549410339198,0.1947254598771686
SDSS-II SN 15367,Ib_c,u',0.5627904668220296,54019.24163887458,15.763691293288407,0.48904078880099683
SDSS-II SN 15367,Ib_c,z',1.4574992165843215,54047.9740233866,199.99999999977697,0.24909689137710608
SN2017dcc,Ic,G,35.469602547094965,57767.27506173472,34.92825073026651,0.10000000000059686
SN2007md,Ic,g',0.7239440743002702,54375.20938917748,14.596502767104642,0.8506474324512201
SN2007md,Ic,i',1.2540208472747705,54365.367674844136,83.10480485031806,0.2487155422592855
SN2007md,Ic,r',1.3553028653831063,54365.36725815437,60.49834503111217,0.22818039881562152
SN2007md,Ic,u',0.38503465810430376,54404.356317586404,78.89822059971063,0.27595312826860946
SN2007md,Ic,z',1.080806459303195,54365.36964794319,150.80041205706848,0.2301582870789298
SDSS-II SN 15943,Ib_c,g',1.0658169342369234e-15,54006.5725574222,1.9849251100468321,13.297634042323825
SDSS-II SN 15943,Ib_c,i',6.559267079097065e-10,53970.25559000001,7.203304318242079,9.323297003191001
SDSS-II SN 15943,Ib_c,r',1.1439119831807545e-15,53988.25183712403,3.775857321432614,13.204631542210345
SDSS-II SN 15943,Ib_c,u',9.16874546406253e-16,54019.45392575179,2.3954252843660018,13.090845460220615
SDSS-II SN 15943,Ib_c,z',0.5862857384314867,54010.52427760157,16.63691652384526,0.946388790698034
SN2022bck,Ib,G,,,,
SN2019atg,Ib_c,G,,,,
2006cb,Ib,i',1.3921139687528674,53858.209220000004,15.260410980644215,0.100000000000555
2006cb,Ib,r',1.373284401103936,53860.86535820195,11.480282707902317,0.19719248383584653
SDSS-II SN 16708,Ib_c,g',0.9768511274607622,54032.103780708676,20.579547951557778,0.22749283577978568
SDSS-II SN 16708,Ib_c,i',5.54790270350827e-16,54022.548968237745,1.7217824229215142,13.508852022378647
SDSS-II SN 16708,Ib_c,r',0.3588339752294926,53998.13611957408,196.98066617023517,0.10037622535374094
SDSS-II SN 16708,Ib_c,u',1.5732178411565454,54053.09682303298,6.567756816067728,0.10716378269866593
SDSS-II SN 16708,Ib_c,z',0.5811354928181833,53970.16458004421,97.16582339524207,0.23611312437801454
SN2010gx,Ic,g',5.4586409092581096e-08,55225.498057627025,6.525396618921915,8.01983847062213
SN2010gx,Ic,i',0.010286467750634316,55237.98129991818,12.77706716298933,3.578662780268616
SN2010gx,Ic,r',0.0013153514671217315,55235.42559072585,10.301072626644594,4.433946317090499
SN2010gx,Ic,u',1.3852734205851555e-10,55225.49600000028,4.94203005682001,9.8552600284369
SN2010gx,Ic,z',0.05416673472124955,55241.464227591714,15.907222127814897,2.809242060551539
SN2016dzl,Ib,G,1.269605347519451,57512.699980000005,27.70910008189521,0.10000000002259309
SDSS-II SN 13269,Ib_c,g',1.273838728687019,53969.169910000004,20.431196921590484,0.10000000000000002
SDSS-II SN 13269,Ib_c,i',1.108708984492544,53988.944710412674,51.71462797449203,0.10000000000006079
SDSS-II SN 13269,Ib_c,r',1.3157194803273156,53973.994352294016,27.205854484429,0.10000000000000002
SDSS-II SN 13269,Ib_c,u',0.4462769818038045,54048.09834894211,7.708059095656348,0.12271471489899237
SDSS-II SN 13269,Ib_c,z',1.0,54063.08716,14.819680000000517,2.0
2006gi,Ib,i',1.1725776125197482,54002.48100000001,36.433048869013525,0.10000000000000002
2006gi,Ib,r',1.1278074963087334,54002.484000000004,39.00105769921778,0.10000000000000002
SN2005az,Ib,i',1.246107709413826,53471.774892893496,35.9225766774886,0.10821538848556922
SN2005az,Ib,r',1.2476121758326513,53467.73029347596,36.12865941236929,0.10000000000000002
2009er,Ib-pec,i',1.301893260604963,54975.45978000002,14.008811069751829,0.6846503277879605
2009er,Ib-pec,r',1.4253326540625268,54977.64099561302,12.913200555988496,0.4533340493142609
SN2016blz,Ic,G,4.38784385177279,57444.50561890625,87.9179252733081,0.10000000412628726
SN2018aks,Ic,G,1.2180106501623462,58215.69887000001,66.65275911670118,0.10000000000000035
SN2017izz,Ib_c,G,1.3637462637228226,58098.18537268792,11.679594948317435,0.7152041310752091
SN2018ebt,Ib_c,G,1.2611301267828408,58314.728950000004,37.564363072348,0.10000000000098895
SN2021fxf,Ic,G,1.3308811803091718,59299.46837920564,37.588877657699584,0.6506674250591559
SDSS-II SN 12035,Ib_c,g',0.44414174886775504,53618.16715000001,199.99999999999997,0.6919438019460825
SDSS-II SN 12035,Ib_c,i',0.9720512965340682,53679.03923553,9.555613915843693,0.9900853124956552
SDSS-II SN 12035,Ib_c,r',0.9343645159839905,53686.14174695891,39.97666039463495,0.10724272943787734
SDSS-II SN 12035,Ib_c,u',0.8870557422060792,53654.1634253815,15.644530869935029,0.1074402937808358
SDSS-II SN 12035,Ib_c,z',0.8879808982146516,53618.166320000004,199.99999999999997,1.7188656972095373
SN2018hmk,Ib,G,1.2434013403583837,58404.64267000001,42.70880673580968,0.10000000000000034
SDSS-II SN 13330,Ib_c,g',1.1086464378426388,53987.58205672069,39.95686374798026,0.10000000000000002
SDSS-II SN 13330,Ib_c,i',1.1614413304407063,53984.260610012105,60.296899119754954,0.10000000021047961
SDSS-II SN 13330,Ib_c,r',1.2069693878482541,53984.25978000055,40.36664127163897,0.10000000018111758
SDSS-II SN 13330,Ib_c,u',0.8469721889156742,53984.26144000001,28.99606307398442,0.10000000000000002
SDSS-II SN 13330,Ib_c,z',1.0281135733139988,53984.26226000001,99.507876983279,0.10000000000000012
SN2016iae,Ic,G,1.629090767028202,57697.188168994966,35.40909149425152,0.10000002684567463
SN2006ld,Ib,i',1.1259304738906921,54039.23715000001,37.03980567673365,0.10000000000000615
SN2006ld,Ib,r',1.1030954844696892,54039.23877000001,37.74256655910117,0.10000000000000045
SN2019vsi,Ib,G,1.176903907639845,58837.001860000004,92.1273246094453,0.10000000000000002
SN2006oz,Ib,g',0.014384106786302846,54018.21963894362,20.39282840879911,3.4369648667958344
SN2006oz,Ib,i',1.0,54097.65,14.663333333333867,2.0
SN2006oz,Ib,r',1.0,54097.65,14.663333333333867,2.0
SN2006oz,Ib,u',0.0031324838687296136,54015.15430283507,15.728132536666664,4.093293051140183
SN2006oz,Ib,z',1.0,54097.65,14.663333333333867,2.0
2005hg,Ib,i',1.1389988845800116,53671.75241630656,18.65829933969833,0.762576643900386
2005hg,Ib,r',0.8676218632736062,53668.706414194385,14.209605403891375,1.0795056381650812
SDSS-II SN 14532,Ib_c,g',1.1258368053995769,54005.31911705002,25.653338991846844,0.10000000000118504
SDSS-II SN 14532,Ib_c,i',0.8763268700701475,54005.31130940252,31.037538322545124,0.10000000136264782
SDSS-II SN 14532,Ib_c,r',0.44209089455869444,54000.33852424206,9.12626535144332,1.5357153661783576
SDSS-II SN 14532,Ib_c,u',9.307315215580345e-21,54035.1566797114,0.6284959260274792,16.67780386354846
SDSS-II SN 14532,Ib_c,z',0.8751625139655952,53994.339318044826,99.40269680737985,0.10063950662618283
2007cl,Ic,i',1.3979808301425656,54245.255840171376,18.2815112294564,0.3905767760435679
2007cl,Ic,r',1.369689401442333,54245.02569999337,14.640738331413731,0.4468892356376114
SN2006nx,Ib,g',0.9531223729159589,54045.71165250728,6.896006629188226,1.031684062493757
SN2006nx,Ib,i',0.06547538961428127,54036.69950338792,7.576089476917711,2.6987534224746375
SN2006nx,Ib,r',3.8105502048300167e-06,54028.224196329094,4.315476162206602,6.613631842762127
SN2006nx,Ib,u',0.7479215814798096,54012.40353346409,69.60315628540663,0.11227270180578995
SN2006nx,Ib,z',0.31525586565292046,54038.41350585742,11.383788674372312,1.6654288632968743
SN2018dgs,Ib,G,,,,
SN2007ke,Ic,i',1.3806926623476963,54364.326180000004,13.29400645478784,0.10000000000327029
SN2007ke,Ic,r',1.2372325759559304,54369.27087319068,11.191637951038855,0.10000000000000002
SDSS-II SN 17897,Ib_c,g',0.4245435883128599,54341.25860000001,111.75225089822656,0.10000000000000002
SDSS-II SN 17897,Ib_c,i',1.0805407151794193,54348.286113818125,24.90777363003875,0.1005421793979585
SDSS-II SN 17897,Ib_c,r',0.9846491175689005,54348.28441240139,23.57014303419959,0.11672223748864605
SDSS-II SN 17897,Ib_c,u',1.0,54433.19907,14.490355000000514,2.0
SDSS-II SN 17897,Ib_c,z',0.4537278472328551,54343.510932376324,52.918908681957454,0.24085066637944944
SN2020hvp,Ib,G,1.252663025766452,59069.147470000076,46.29389018819086,0.10000000068502146
SN2018hnw,Ib_c,G,0.9015952156701331,58452.10417670368,64.5901155844254,0.10000205989456848
SDSS-II SN 21697,Ib_c,g',0.9562812264030754,54392.20333705863,12.962246467032218,0.7272989155223306
SDSS-II SN 21697,Ib_c,i',1.0789997202999545e-15,54374.26850956634,2.7262323309179926,13.301539384057103
SDSS-II SN 21697,Ib_c,r',0.8521724305525207,54394.18971228484,9.33805688048453,1.192351328345405
SDSS-II SN 21697,Ib_c,u',5.954942864041107e-16,54393.02506617895,1.173676608299385,13.31645091240034
SDSS-II SN 21697,Ib_c,z',0.9970756673888446,54418.43887344434,15.614969884173677,2.1653599767749183
SN2018wh,Ib_Ic,G,,,,
SN2017hyf,Ib,G,4.822242432603444,57993.01930573603,59.15130149179551,0.1000008545351155
SDSS-II SN 2986,Ib_c,g',1.1409244059461827,53617.40688000001,38.07492563048972,0.10000000000001386
SDSS-II SN 2986,Ib_c,i',1.1025969473680315,53617.40439000001,36.25220492736099,0.10000000000000002
SDSS-II SN 2986,Ib_c,r',1.1542642540727663,53617.403560000006,32.831770415058955,0.10000000000000032
SDSS-II SN 2986,Ib_c,u',0.7323770502234461,53676.39158143961,6.3307789830531,0.16753960487362965
SDSS-II SN 2986,Ib_c,z',0.9146946203593858,53617.406050000005,49.69052388779408,0.10000000000000002
SN2017ixh,Ic,G,1.2101912319374335,58094.70248000001,57.77414047597241,0.1000000000000005
SN2005bf,Ib_c,i',0.16828076999912225,53466.23685000001,16.46390953793331,2.177953148210715
SN2005bf,Ib_c,r',0.050181269296532216,53466.235160000004,11.29970919805381,2.8236785664412363
SDSS-II SN 14475,Ic,g',1.1799417148552545,54008.1893734316,15.827918359558323,0.14037306927944676
SDSS-II SN 14475,Ic,i',1.1068665414298755,54006.423529742,16.9216694007924,0.8548678500703625
SDSS-II SN 14475,Ic,r',1.1586204894414,54005.78785488686,13.568463653869722,0.905574045629589
SDSS-II SN 14475,Ic,u',0.8778348256379276,54063.51513807539,38.02851782798662,3.4654656781245197
SDSS-II SN 14475,Ic,z',0.4635007403800726,53996.4038398097,21.366218811973265,1.2026080754745656
SN2019eix,Ic,G,1.4525595319293318,58606.71004622654,22.44813355618823,0.18581128327220472
SN2005kr,Ib_c,g',0.009506862123077144,53669.82712639112,4.657764654961111,3.6149912666914004
SN2005kr,Ib_c,i',0.00011957520597349537,53664.0734562615,5.2474591766413035,5.3919992347385515
SN2005kr,Ib_c,r',0.17121801509529977,53672.43701687084,7.713097054067275,2.2208924779038552
SN2005kr,Ib_c,u',0.5190409832796679,53674.1192302617,4.848809270897752,1.5630278209055695
SN2005kr,Ib_c,z',0.9931362301402183,53700.43060634183,15.093447422385905,2.1235478574925994
2006ir,Ic,i',1.1723428921387808,54011.252080000006,33.735967488079844,0.10000000000000002
2006ir,Ic,r',1.1936370094659083,54011.25439000001,36.724462518511324,0.10000000000000002
SN2020sgf,Ic,G,1.1702817915287136,59097.96543583312,140.48482468162186,0.12365136089699705
SN2005hl,Ib,g',1.3207784260499702,53621.7071948531,22.44044051482264,0.10000000000016897
SN2005hl,Ib,i',1.3515147579711944,53624.26321087531,28.359922575913235,0.2261800493893305
SN2005hl,Ib,r',1.3765041544094851,53621.210367345506,26.92981994128182,0.2641400562421536
SN2005hl,Ib,u',1.3655362026124123,53618.62379415946,13.355294312542801,0.10000000000000002
SN2005hl,Ib,z',1.2507103507508424,53626.52943082503,45.96662723988818,0.10000000005536581
SN2006ck,Ic,i',1.2827939097666623,53874.27072000001,23.81282252477383,0.10000000000000002
SN2006ck,Ic,r',1.213915774929009,53874.27302000001,27.65899129835923,0.10000000000000002
SDSS-II SN 13979,Ib_c,g',1.9555288798620976,53989.45215034132,13.407830179181186,0.1000024732001161
SDSS-II SN 13979,Ib_c,i',1.2235267020588518,54000.45029211862,30.596908945755857,0.10000000000000002
SDSS-II SN 13979,Ib_c,r',1.280684347213392,53999.13498781982,21.20490498377198,0.10000000000047429
SDSS-II SN 13979,Ib_c,u',0.32143903684655156,53989.45268196095,137.0836568387152,0.1213247898131197
SDSS-II SN 13979,Ib_c,z',1.2172841493100712,53984.453330000026,28.177056824000918,0.4734898240060445
SN2019tqb,Ic,G,,,,
SN2007uy,Ib,i',1.331405601313834,54473.712889968956,25.117751452600324,0.29693998214327494
SN2007uy,Ib,r',1.333472010984819,54473.65939221408,20.38671686693869,0.3288364449009003
SN2007aw,Ic,i',1.4289337683124783,54180.259920090095,14.769589036032746,0.22283612685935267
SN2007aw,Ic,r',1.4359667963739389,54180.26222000182,13.787493219204798,0.10000000031421451
2006lc,Ib,i',1.253724045861148,54041.5234578617,19.101363733932676,0.10000000000000002
2006lc,Ib,r',1.417772240851475,54038.100940185184,15.937099406603405,0.10000000871419731
SN2022eb,Ib,G,1.183568225924092,59592.923740000006,37.86990365670762,0.10000000000000002
SN2018avk,Ic,G,1.430859777396106,58281.40364939411,47.117966388704616,0.10946166082158232
SN2020sai,Ib,G,1.364987383554507,59103.25295000001,16.540777523081694,0.10000000000000002
SN2020cpg,Ib,G,,,,
SN2016ecg,Ic,G,1.2689574574074844,57530.79978000001,26.371019461522376,0.10000000000000002
2006F,Ib,i',1.376437250272429,53751.92903837353,16.577989682314218,0.10000000000000858
2006F,Ib,r',1.277930266045452,53749.58680869204,16.863382740613957,0.10000000000000021
SN2007gl,Ib_c,g',1.2616141727020957,54342.4384100001,63.80875248154417,0.12356277259790385
SN2007gl,Ib_c,i',1.1447476547559767,54342.43592000001,49.8540645453372,0.10000000000000002
SN2007gl,Ib_c,r',1.159328650237876,54342.435090005434,62.63527855916866,0.10000000000342445
SN2007gl,Ib_c,u',0.032765759924564236,54342.43675000001,13.758266974353884,2.700115787133385
SN2007gl,Ib_c,z',1.3466428396573105,54342.437580000005,44.91667277969336,0.19856702559409456
SDSS-II SN 13482,Ib_c,g',2.736204011395326,53975.42053578339,16.602869774528255,0.10000000557713119
SDSS-II SN 13482,Ib_c,i',1.1141657218225403,53994.295264575085,38.685355559384725,0.10000000000000347
SDSS-II SN 13482,Ib_c,r',1.247330141219517,53993.68781576451,15.664071925589699,0.3234088445368413
SDSS-II SN 13482,Ib_c,u',0.3802048627774054,53970.418110000006,199.99999999996447,0.5411165118579957
SDSS-II SN 13482,Ib_c,z',1.0,54068.34279,15.487308333333203,2.0
SN2019tsf,Ib,G,1.2349604284199525,58780.24907320738,94.16104274119681,0.10000000010235334
SN2005kf,Ic,i',1.139860186171333,53694.357330000006,34.5005681462983,0.10000000000000002
SN2005kf,Ic,r',1.171054322611302,53694.35573000001,37.925959023561894,0.10000000000000017
SN2019cri,Ic,G,1.2097051926105122,58652.978090000004,44.97500941082189,0.10000000000004051
SN2018liq,Ic,G,1.3583115582534497,58523.64425101333,24.64771165089205,0.10000000000000002
SN2022aav,Ib,G,1.0116971402982173,59614.51211776966,7.362816536151342,1.462275383962471
SN2019uff,Ib,G,1.3474574347047377,58791.34445304312,35.53358291444728,0.22973797837626592
SN2019cwt,Ic_Pec,G,1.2533410914415366,58582.70906000001,31.459750366163107,0.10000000000000012
SN2019lrb,Ic,G,,,,
SN2006ep,Ib_c,i',1.3888229821724136,53979.38378593746,20.150558155228026,0.38818547378554996
SN2006ep,Ib_c,r',1.445382511941804,53984.341722799494,18.445894689939017,0.10000000000152298
Gaia15aam,Ib_c,G,1.3357041909378817,57025.46873170435,29.233513108879368,0.15803485681080642
SN2019smb,Ic,G,,,,
SN2021ttw,Ib,G,1.2626665037569034,59435.36769000001,84.46936996177554,0.10000000000000002
SDSS-II SN 16114,Ib_c,g',0.498074587647985,53993.330411591494,30.539049728201217,0.11546588540521452
SDSS-II SN 16114,Ib_c,i',0.5915254367761709,53993.1311671287,24.15497735116234,0.27278334872916343
SDSS-II SN 16114,Ib_c,r',0.9806475857222261,54062.31120626121,18.24066702795366,2.3483434570206856
SDSS-II SN 16114,Ib_c,u',0.9456204414295684,53970.26054000001,24.740395396057092,0.10000000000000002
SDSS-II SN 16114,Ib_c,z',0.5203388655347765,53975.25681784942,64.67227523770718,0.10000000000004321
2005mf,Ic,i',1.2486676326090091,53732.58601158681,27.79259360310365,0.10000000000000012
2005mf,Ic,r',1.2459699703814693,53732.85851538587,20.268129350096036,0.10000000000000012
SN2019qvt,Ib,G,1.516049500024032,58747.81778903409,42.48391074820107,0.42989581166153484
SDSS-II SN 16169,Ib_c,g',0.6259095688626706,54020.27260051116,10.569375767958359,1.189250916215242
SDSS-II SN 16169,Ib_c,i',1.1425176897778009e-15,53989.694879408446,4.165475010224249,13.20491993664431
SDSS-II SN 16169,Ib_c,r',1.0871596460319622e-15,53992.08085887289,3.424243708231383,13.243840034881044
SDSS-II SN 16169,Ib_c,u',0.489202523393089,53984.391240000004,199.99999999967235,0.1000148521674463
SDSS-II SN 16169,Ib_c,z',1.2915526889083662,54021.41075697547,17.08601182411536,0.1993450357805529
SN2006F,Ib,i',1.376437250272429,53751.92903837353,16.577989682314218,0.10000000000000858
SN2006F,Ib,r',1.277930266045452,53749.58680869204,16.863382740613957,0.10000000000000021
ASASSN-21sk,Ic,G,1.2638948585625716,59487.96442000052,24.034417122109556,0.10000001867525873
SN2007D,Ic_Pec,i',1.2579391558470223,54117.226221290584,14.664346803338567,0.10000000000900831
SN2007D,Ic_Pec,r',2.329836109035995,54118.16231918446,11.093425920191585,0.10556300791541175
SN2016emb,Ic,G,1.2497630235696475,57592.558880000004,37.07980897223779,0.10000000000000035
SN2006jo,Ib,g',1.2856757416227278,54007.71610281541,7.731926785237714,0.5259276201916366
SN2006jo,Ib,i',1.2268497250395154,54009.01258942913,11.376999645255028,0.6162131137946534
SN2006jo,Ib,r',1.4710844662972171,54009.49727886159,11.881618886225828,0.3859010613765517
SN2006jo,Ib,u',2.559747307469347,53996.367231548225,11.003615666141544,0.10034254698547491
SN2006jo,Ib,z',1.3028949035077937,54007.6151500009,20.30891988589146,0.3612886507108088
SN2004fe,Ic,i',0.8428456904011675,53319.98577163312,0.569556134550511,1.6980725646628259
SN2004fe,Ic,r',0.9874326385295832,53320.39031224264,3.8174906480286994,1.9761220132067836
SN2007iq,Ic_Pec,i',1.1172245257339126,54358.43263000001,54.06152025985291,0.10000000000000002
SN2007iq,Ic_Pec,r',1.1039245303788932,54358.434940000174,58.05207857588026,0.10000000000000868
SN2004gk,Ic,i',1.1272930901817908,53333.53308000001,35.030697476497636,0.10000000000000002
SN2004gk,Ic,r',1.1125444356053138,53333.532080000004,31.202521858217743,0.10000000000000002
SN2016bke,Ib,G,0.9000516580743406,57475.720323285066,28.70219481218489,1.9687942707726194
SN2009iz,Ib_c,i',0.7319005649950959,55090.6842434941,18.686749875132357,1.2263824720421865
SN2009iz,Ib_c,r',0.9446876145802526,55091.82473549133,18.118570274738058,0.9957080289621698
SN2009iz,Ib_c,u',0.06187679458952174,55090.43785000001,5.615607376490715,2.586451287661262
SN2021vnw,Ib,G,1.2450154404934621,59446.281200000005,26.221440150900392,0.10000000000000119
SN2017hxt,Ib,G,2.528893407954801,58054.932656754594,1.0267223362639735,4.09775048456942
SN2018cbz,Ic,G,1.4218493791603168,58275.91924000024,14.128800476186404,0.10000000000000696
SN2006jc,Ic,i',1.5816941930188442,54016.50100000013,10.357209712766373,0.10000005356556652
SN2006jc,Ic,r',1.560241858271723,54016.50200003017,10.411168261936135,0.10000000765660323
SN2018cew,Ib,G,1.1595043834398167,58265.520520000005,23.2631127710482,0.10000000000000002
SN2021adgu,Ic,G,1.2590842424021687,59528.838834962065,47.89546204320383,0.10000000013354579
SN2007ag,Ib,i',1.233656921850996,54168.26721697421,24.577983392446004,0.10000000000000002
SN2007ag,Ib,r',1.2884857810683619,54164.48204591183,24.392124813209495,0.10000000000000002
2004gt,Ic,i',1.237355814686984,53380.47221000001,26.587304776246196,0.10000000000000002
2004gt,Ic,r',1.1021875063230477,53380.470830000006,37.84211719968256,0.10000000000000002
SN2005mm,Ib,g',1.2499387721971367,53680.24094718591,31.307410946814688,0.14840054510932596
SN2005mm,Ib,i',1.1054851353768638,53699.25976,13.48499999999937,1.9999999999999978
SN2005mm,Ib,r',1.1126354878637226,53699.25893,13.485000000000582,2.0
SN2005mm,Ib,u',0.5853503303692548,53618.31295000001,81.55871514524559,0.369188442756911
SN2005mm,Ib,z',0.40021292723945123,53618.313780000004,173.3947605420084,0.10000000000000002
SN2007sj,Ib_c,g',6.70973525934393,54431.25082000371,14.15226843071748,2.0000000075269
SN2007sj,Ib_c,i',1.0,54433.24356,14.490639999999985,2.0
SN2007sj,Ib_c,r',1.0,54433.24273,14.490639999999985,2.0
SN2007sj,Ib_c,u',1.0,54433.24439,14.490639999999985,2.0
SN2007sj,Ib_c,z',1.0,54433.24522,14.490639999999985,2.0
SN2018ffz,Ic,G,0.36016168568299023,58371.312043093734,45.31826429228149,0.13016978294336856
SN2017ful,Ic,G,,,,
Gaia18boc,Ib_c,G,1.799015775620936,58285.83672601238,43.83186164521792,0.10029797203009158
AT2020cgu,Ic,G,0.6745398273725178,58917.77511524476,8.69580553022032,1.3289900146525295
2007kj,Ib,i',1.2423615216012425,54377.11249251324,24.937210329613972,0.10000000000003473
2007kj,Ib,r',1.21728223400786,54377.10060866706,19.96110206694649,0.10000000000129233
SN2005kz,Ic,i',1.2129983459671783,53709.26452758283,38.529360890394756,0.10000000000000002
SN2005kz,Ic,r',1.2946493605054328,53705.064880000005,30.426161499057454,0.13184395765961937
SN2017iuk,Ic,G,1.317855053216176,58114.39496484158,9.968319382546628,0.7225252854080941
SN2020mbe,Ic,G,,,,
SN2022qh,Ic,G,61.54200354892853,59634.33023,3.667598333333444,2.0000000000000004
SN2007qx,Ib,g',0.9950285539520008,54425.574167411025,21.146388307615457,18.3682324192525
SN2007qx,Ib,i',0.9400771357046426,54424.00747863231,25.198172039772064,1.7584965664429069
SN2007qx,Ib,r',0.9540661520595871,54423.92313964175,23.01191322143625,1.912725688916545
SN2007qx,Ib,u',0.7890356886913722,54426.40389221339,53.62659037284738,3.978960036966526
SN2007qx,Ib,z',3.086038892635856,54431.2624,14.490761666667822,2.0
2004gv,Ib,i',,,,
2007hb,Ic,i',1.2087125076556864,54358.34446000001,31.034795715235358,0.10000000000003963
2007hb,Ic,r',1.2249898536527544,54358.346770000004,28.18527504810725,0.10000000000000002
SN2017gax,Ib_c,G,1.2778673412336008,57999.00753000001,27.171486424767618,0.10000000000000002
SN2018avy,Ib_c,G,1.2662493197724054,58220.471620000004,23.518556872253733,0.10000000000000002
SN2008an,Ic,i',,,,
SN2005kl,Ic,i',1.2500140157876982,53698.52495991814,32.87861081174695,0.10000000000000024
SN2005kl,Ic,r',1.239369147120027,53698.753670281134,28.388256589551244,0.10000000000000002
Gaia21fbg,Ib,G,1.0395132122603477,59498.84983000001,73.71989271155562,0.10000000000000002
SN2018hcz,Ib_c,G,1.3166083172921161,58390.55932000001,20.15774972741826,0.10000000000000045
SN2020uas,Ib_c,G,1.1541437440515574,59145.86797000001,34.72463203336044,0.10000000000000002
SN2007gr,Ib_c,i',1.0676358343308012,54343.396960000005,27.56833092389102,0.10000000000000002
SN2007gr,Ib_c,r',1.0517406422791293,54342.438620000146,23.9697115657944,0.10000000004040253
SN2016cce,Ic,G,3.435245307105177,57445.972797545204,60.26120676923161,0.10000859028728294
SN2004gq,Ib,i',1.560124298436229,53351.36433735736,34.212915745034216,0.19919998207520742
SN2004gq,Ib,r',1.1436980342881922,53374.20745000001,34.06392302960522,0.10000000000000002
SN2006lv,Ib,i',1.1948510699473045,54038.490580000005,52.731229011833925,0.10000000000000048
SN2006lv,Ib,r',1.0879862266873341,54040.48866000011,52.69119288003249,0.10000000000001034
SDSS-II SN 2699,Ib_c,g',1.1417358338713035,53617.40688000001,37.95989520200874,0.10000000000001714
SDSS-II SN 2699,Ib_c,i',1.1023976623923135,53617.40439000001,36.219491810607884,0.10000000000000002
SDSS-II SN 2699,Ib_c,r',1.154916028460056,53617.403560000006,32.8101116597068,0.10000000000000031
SDSS-II SN 2699,Ib_c,u',0.7322411081062513,53676.391624803175,6.328948500579294,0.1677580085752783
SDSS-II SN 2699,Ib_c,z',0.9147368874422452,53617.406050000005,49.632301987245256,0.10000000000000002
SN2021qip,Ib,G,1.2519123912617214,59382.64991000125,29.884984134808047,0.10000000000000069
2006fo,Ib,i',1.2470266203969653,54004.78354676206,36.140357325401474,0.10000000000000002
2006fo,Ib,r',1.2473545244419588,54001.48689000001,30.428993738500193,0.10000000000000002
SN2021jao,Ib,G,1.0,59345.56244,3.5538800000006936,2.0
SDSS-II SN 11927,Ib_c,g',0.9516559237594399,53663.16776793025,199.99999969013672,0.43990197606985515
SDSS-II SN 11927,Ib_c,i',0.47284471695965413,53644.28218130843,80.62994687838213,0.11586435877743503
SDSS-II SN 11927,Ib_c,r',0.3124485441406138,53673.141754278724,22.246808171837777,0.24991243760412987
SDSS-II SN 11927,Ib_c,u',0.6250074503323613,53628.28875492298,40.40421323741672,0.10000000017611563
SDSS-II SN 11927,Ib_c,z',0.845745848021493,53611.32785000001,44.154984196073976,0.1000000000000003
Gaia15acs,Ib,G,1.0898510453240877,57085.15204000001,60.36316037867042,0.10000000000725284
SN2007ju,IcQ,g',1.634466650058175,54372.68852487472,12.932952216639524,0.10000000000000002
SN2007ju,IcQ,i',1.3609639147878532,54357.28902207636,41.50555514342076,0.10000001898948038
SN2007ju,IcQ,r',1.8380909997167727,54362.33852001851,24.09690854659064,0.10005856297798653
SN2007ju,IcQ,u',1.3131595349898861,54377.68021024832,7.660285749930623,0.10000000000000002
SN2007ju,IcQ,z',1.3616953611472942,54357.240053422094,49.58352912456118,0.23686489466609514
SN2020acyl,Ic,G,1.174251252269508,59204.83563000001,45.171004942357236,0.10000000000000002
SN2021dah,Ic,G,1.086108915742048,59292.603890000006,53.69067738219761,0.10000000000000002
SN2016dyn,Ic,G,,,,
SN2016cyj,Ib,G,1.0,57579.34418,4.873196666666142,2.0
SN2005fk,Ib_c,g',1.0790118807705973,53619.94102595772,40.872885906346,0.10000000000001218
SN2005fk,Ib_c,i',1.3183014093552536,53621.22317515494,15.675095725314852,0.5136750050685503
SN2005fk,Ib_c,r',1.2877453639815717,53620.24852024998,12.59116816662674,0.6702822174475128
SN2005fk,Ib_c,u',0.8506471638228211,53690.807085703884,43.46644075362794,2.042803728399794
SN2005fk,Ib_c,z',0.42113400089033515,53673.80322563553,58.65614573379438,0.2688685462062116
Gaia21cdw,Ib,G,1.2095893805630589,59330.50447000001,28.347704280030026,0.10000000000000009
SN2009jf,Ib,i',1.321603743744727,55118.7294460494,29.399929985390198,0.10944075710718354
SN2009jf,Ib,r',1.3010424989008103,55118.69657127809,26.811446782399877,0.10000000000000045
SN2009jf,Ib,u',1.2609015535112509,55118.58602058888,9.461463289633725,0.1000000000346347
SDSS-II SN 4664,Ib_c,g',1.7899974470564752,53657.27910690444,15.732372004933199,0.17453850579288438
SDSS-II SN 4664,Ib_c,i',1.0856243282920082,53648.94819044515,39.27490827406569,0.5908569528964942
SDSS-II SN 4664,Ib_c,r',1.2269923609737752,53657.00442208833,30.52884925585484,0.3006796337199572
SDSS-II SN 4664,Ib_c,u',0.9840626337478557,53634.40807166702,18.172071421516865,0.10000000000000951
SDSS-II SN 4664,Ib_c,z',0.8421361414087486,53639.94057346366,130.67436544953958,0.29301755089569376
SDSS-II SN 2234,Ib_c,g',0.46511561859165856,53611.366160000005,64.56001105661908,0.1000000000009272
SDSS-II SN 2234,Ib_c,i',1.2248232571019715,53611.363670000006,42.63219600678294,0.10000000000003366
SDSS-II SN 2234,Ib_c,r',1.1378265314069094,53611.36284000001,23.14729936346873,0.10000000000000002
SDSS-II SN 2234,Ib_c,u',0.9594592555552681,53698.72625710551,20.56914836056122,2.2705917951857257
SDSS-II SN 2234,Ib_c,z',1.0058473877936747,53623.5505967737,43.461221272843,0.10000000000000202
SN2011bm,Ic,g',1.3386375759707896,55662.282483661256,29.984788443257216,0.25575183942087826
SN2011bm,Ic,i',1.1372654980017574,55655.40638053936,32.22272189904865,0.8467974847164583
SN2011bm,Ic,r',1.018766180772912,55655.68158519701,28.557113331798295,0.924569911839064
SN2011bm,Ic,u',1.0044745283678642,55658.00000000001,9.219873735615332,1.0449369975502305
SN2011bm,Ic,z',1.3889446488622221,55660.14353692597,56.95069597049705,0.39748764202758585
SDSS-II SN 7923,Ib_c,g',3.149449384948283e-15,53611.41639108524,4.128937332539257,12.838091585873793
SDSS-II SN 7923,Ib_c,i',1.1196527385597164,53663.366206654675,16.036617844849086,0.2081672703324114
SDSS-II SN 7923,Ib_c,r',1.1468941487763376,53663.347471437984,19.383934094829765,0.10000000001480007
SDSS-II SN 7923,Ib_c,u',0.8387509130625626,53663.367299689475,7.134762571864114,0.15143831965951066
SDSS-II SN 7923,Ib_c,z',0.5337485488536425,53633.15951545534,46.26745289256338,0.8151769094185378
