supernova,type,band,t0,t1,A,B,Tfall,Trise
SN2020sai,Ib,G,59108.57840314724,59084.412912478,73.02156992577926,-36.012379869903306,10.000100925240657,30.00039739785105
SN2018hpq,Ic,G,58443.5051560421,58413.9895859842,1.9487052079000786,-0.5431928510838836,10.012062465951608,30.000033272452576
SN2007uy,Ib,i',54389.22929417177,54449.08760498195,-0.1748635923312593,-1.0543382613770333,9.038244410968836,36.49073421825429
SN2007uy,Ib,r',54308.640020233724,54463.646792872765,499.17497449440117,504.4448838264022,9.539256501623251,99.99999992350348
SN2009iz,Ib_c,i',55115.31064662778,55085.625953974726,-0.10869171201242542,-0.01134149352290792,9.925445338152088,29.993845266965938
SN2009iz,Ib_c,r',55113.47466676699,55083.54800853011,-55082.62652971605,-428.9139071123556,9.988956843032968,29.99881362368893
SN2009iz,Ib_c,u',55104.67697848604,55103.873641103084,1.312768321078873,0.11606518813255237,2.7503635766281076,1.3396300940751944
SN2019fxo,Ib_c,G,58646.46582031487,58619.19629708122,38.677163673745426,-18.89859474593017,9.999987089003614,29.99986166135208
SN2020clr,Ic,G,58884.19084856419,58881.08616032399,0.000734533059540597,25.619598012828202,11.479268401226573,99.99999999999997
SN2021rfs,Ib,G,59406.864267867015,59377.15113262967,-0.8379752485237788,-1.2113569054936137,10.000015158557297,29.99996738463052
SN2007D,Ic_Pec,i',54118.56048110142,54088.89001659808,-0.10443244888563594,-0.9181208834367864,10.002641790127285,29.973140761235832
SN2007D,Ic_Pec,r',54129.35761611944,54099.371710622545,-0.4795058354477151,-0.43067823717950626,10.003525191336609,29.94329440636103
SN2005fk,Ib_c,g',53645.083038105455,53650.727861861815,0.004710290611160888,2.547050745134616,10.361980601292565,4.818209941144167
SN2005fk,Ib_c,i',53627.21010553002,53597.15540638085,-0.7298493241072336,-0.621062008523181,10.000640476771851,29.99277741030283
SN2005fk,Ib_c,r',53625.92003671474,53667.090582988174,0.4315137240522524,0.0019215939744535722,32.17411150845691,3.693544988610689
SN2005fk,Ib_c,u',53588.19134447628,54857.69322744961,-0.01166278837968113,-0.00468751916766135,8.944020760393013,30.362736188972118
SN2005fk,Ib_c,z',53672.62365886446,53635.01344662682,0.06809392403682325,-0.014527550107433304,10.003441366726042,30.00291403589811
SN2019azq,Ic,G,58575.62024560112,58511.22105613646,1.0759027958834653e-05,24.1810111298176,13.608052102760839,99.99999999999996
SN2019qvt,Ib,G,58756.36289887669,58734.87544723084,71.25703178410454,-35.09262340039378,10.003604212910805,30.000400304133386
SN2019oys,Ib,G,58722.468611066586,58694.616124102824,30.362015073839633,-14.70809624131078,10.000002603008042,30.00001256815966
SN2021agqw,Ic,G,59573.53958970965,59550.80019234097,110.99670857810811,-55.00628769214504,10.001363685226705,30.012750029337088
SN2005hg,Ic,i',53686.25841342544,53656.2690224695,-0.3720829311220568,-0.02095777743049232,9.994434422478129,29.9991420587826
SN2005hg,Ic,r',53556.75044921066,53664.173750081005,21.846210414669752,35.602933581324656,10.227752845237328,99.99999999766824
SN2020dhm,Ic,G,58940.41505999999,58910.415059999985,-152.67386169224815,-306.6569558514367,10.000000000000368,29.99999999999993
SN2006ep,Ib_c,i',53807.49654143268,53969.36592334269,346.80399654470466,349.96995851174097,10.315473052358746,99.99999998310939
SN2006ep,Ib_c,r',53996.96334863039,53962.15183589434,-0.09770498505519996,-0.4529198818939546,10.055591151611445,29.27919770865961
SN2021ttw,Ib,G,59440.549878305035,59421.60432507588,152.27023904300452,-75.60795805786479,10.00090875940659,30.00957351773149
SN2016ecg,Ic,G,57533.25814046409,61651.23844037166,51321.7492453914,-25611.189081089426,9.923485455528592,29.824690474180972
SN2007qw,Ic,g',54071.51008323266,54567.71100454174,0.0068325043477631625,0.01748945672598113,99.80163606726296,74.4526092884423
SN2007qw,Ic,i',54411.58411738537,54417.31309140429,1.5778509647627301,0.007214358110750748,12.37068041305518,2.8300855465269894
SN2007qw,Ic,r',54136.00118479083,54512.22476335118,0.9727715587973733,0.006679015641719107,6.610253072343902,31.324350176029114
SN2007qw,Ic,u',54402.9857499287,54370.7423554813,0.030660659693397305,-0.005292630428585814,10.006576816447705,29.998065942901523
SN2007qw,Ic,z',54427.06353447418,54345.153415686014,0.0006797753051684953,-0.06926908192193502,9.844022345316896,29.988251777226196
SN2019wzj,Ic,G,58842.848344461876,58822.39580649325,143.00866235152472,-70.92422566593577,10.000016338589024,30.00007173947374
SN2021njk,Ib,G,59374.272086445984,59348.85038396347,87.52770659622452,-43.22791965773568,10.000003325035982,30.00000813587895
SN2007qx,Ib,g',54418.76556741635,54398.80824480893,0.359328219781147,0.011529126815711875,4.5831733011166165,3.2791705181978084
SN2007qx,Ib,i',54426.95906094017,54355.4259037497,0.0019177471729280126,-0.08971381893565236,10.151383309652457,29.984617011304213
SN2007qx,Ib,r',54429.31030575427,54402.438410402894,0.2555967762115306,-0.0010317837228225233,22.68597402975116,28.63642967015302
SN2007qx,Ib,u',54430.2028161581,54384.10234964352,0.06565292285722683,0.010219838070576233,0.600319795036403,0.5945460379438277
SN2007qx,Ib,z',54436.27010334918,54354.20618486571,5.6039175765786904e-05,-0.09293574511040148,10.22657940435036,29.982880983267783
SN2006ld,Ib,i',54044.254683238454,54015.92422983962,15.898574521894806,-7.564548386535981,10.000483675167583,30.002882240986512
SN2006ld,Ib,r',54044.25850961719,54016.092128587676,16.45416398968134,-7.853801183547103,10.000646427512804,30.00380002541508
SN2020hvp,Ib,G,59074.148612906945,59058.39868980302,93.03315159356255,-46.126302597270566,10.00008992278959,30.00073079029247
SN2021kos,Ib,G,58899.08825402174,67092.37986308907,52615.25689595272,-26226.397101811923,1.459108391905671,14.89902436913626
SN2017hfw,Ic,G,58087.01399000156,58057.01398999028,2.0652790656796114,-0.5624267690248185,10.000000000008106,29.99999999999772
SN2007kj,Ib_c,i',54378.60373596222,54409.815891968,1.0608095143160987,0.0007251575378987172,28.514849190654523,4.204097518125676
SN2007kj,Ib_c,r',54385.0150441419,54350.64676950186,0.1593986746160556,-0.08767239256859663,10.056942721182518,30.39656363519695
SN2017gax,Ib_c,G,58004.00760069971,57979.05191381964,97.4400529249625,-48.17565130373851,10.000211179648504,30.001230200981187
SN2007ru,Ic_Pec,i',54439.170546706075,54409.214004938214,-0.6341624947790327,-1.4728916543039383,10.000055671994781,29.99568329322403
SN2007ru,Ic_Pec,r',54315.719946599405,54415.01333976925,26.50080087122522,29.339630461761313,9.683215633431264,99.99999998109031
SN2009er,Ib,i',54977.24268859122,54966.95979636113,0.0009605271115254548,14.705813125996702,8.856272879547047,99.99999999999997
SN2009er,Ib,r',54926.827396364395,54968.030786882715,0.2876648988356692,38.117622831127846,7.612558819549625,99.99999999999795
SN2019tsf,Ib,G,58792.113298525204,58763.163107324624,12.81709984061135,-5.908100664965805,10.005212888117034,30.00073819114
SN2019yz,Ic,G,58519.7231059389,58492.33231078527,50.724354457920576,-24.841245020488376,10.000002584975526,30.000007389274792
SN2018alc,Ib,G,58229.99552167835,58210.61829115574,170.9605073869541,-84.86323664804999,10.000025693930622,30.00009061099434
SN2018cbz,Ic,G,58280.91926291496,58251.87682328609,16.258575205003638,-7.665679142761209,10.000000901758058,30.000005700204703
SN2006fo,Ic,g',53995.6703764405,40196.622377066145,2.463651243853025e-09,3.4877116886429294,21.078003292067002,3.2391964500017147
SN2006fo,Ic,i',54007.609189878116,53980.30686095329,-0.04801922355198344,-0.12757304457920848,9.856055719804793,29.079255486776386
SN2006fo,Ic,r',54010.7573866103,53967.695244566676,0.10809471838098074,-0.019559798144211257,4.014575702403318,28.944577076978533
SN2006fo,Ic,u',54016.997515488154,53966.18143272468,-0.13999128209264394,-1.420921556569521,10.176140522680114,30.15543719054719
SN2006fo,Ic,z',54011.196413541744,53977.76661163806,0.08250086653321925,-0.6162332485093666,10.577113839548796,30.519300116468973
Gaia15acs,Ib,G,57090.153686752536,57136.0042922307,825.6749111874077,-411.67996612908763,10.000166097097916,30.000711249089743
SN2016bke,Ib,G,57490.17426060176,57424.04730471242,266.9971751916264,-209.66340136404477,10.169040956874221,29.962023476490906
SN2019klq,Ib,G,58688.61525905825,62006.094525983965,52319.503072885,-26317.02032314933,8.330696230721449,30.438760446077595
SN2008D,Ib,i',54333.27897325667,54473.25459764636,26675.042324324455,0.0452240981925464,12.20827551483684,99.99999998687632
SN2008D,Ib,r',54345.292192106885,54474.44517892113,66029.19988222608,0.043369077200879715,10.713769966920069,99.99999999043625
SN2011bm,Ic,g',55662.531084408394,32406.418596340933,1.2014276198998738e-10,21.20348362209059,37.56049205780335,4.563136677908117
SN2011bm,Ic,i',55666.300512274625,55497.60092447538,0.02558260954626086,0.0019776924570654,38.590821784794024,8.312583473644569
SN2011bm,Ic,r',55670.908242418824,55755.38229075732,1.1052278507728936,6.716723452796479e-05,62.03537385021761,8.75340573362201
SN2011bm,Ic,u',55663.65778183675,55636.2171922812,-0.10540482675157603,-0.16905998398065455,10.01941127134761,29.639275982909705
SN2011bm,Ic,z',65.9712039725564,89.47008157760138,39356.174035425254,-39356.18410448179,0.10594834099745043,99.84483773651871
SN2006qk,Ic,g',54063.03179407178,54055.268630153005,1.6772178694026347e-05,1208.0232727782413,4.633080605260471,2.35520133492356
SN2006qk,Ic,i',54067.64700519153,54054.138572191056,9.381185136780295e-06,1919.090056955312,0.5354818985652344,0.4956982026007416
SN2006qk,Ic,r',54072.86984194961,53977.141073787854,6.6908982383471e-05,-0.0017665902883679016,9.743603866850279,29.992811446002033
SN2006qk,Ic,u',53914.07949072702,54074.958660940196,6.725236529961321,-0.003103856816108815,99.99999996362293,99.87739231476398
SN2006qk,Ic,z',54073.60048559172,53982.09212147331,0.0007479105640896323,-0.011564133153179596,9.828306169326948,30.005341628124118
SN2005mf,Ic,i',53734.447234622545,53704.71437078069,3.3447267847921056,-1.2205800688112316,10.000799892062933,30.004639471679305
SN2005mf,Ic,r',53735.41064485552,53763.23412936743,0.9675890669060077,0.0012934527790625073,20.58677682901495,5.34844024839935
SN2020uas,Ib_c,G,59150.86767815049,59122.78003034781,24.38048713300808,-11.74277080998062,10.00026994031758,30.00104159061167
SN2006jx,Ib,g',54014.0479272131,54003.36971760063,0.10547636372161956,0.07519554197625765,5.878918404736524,3.5336980619375655
SN2006jx,Ib,i',53975.377730226,53992.21462179896,-0.08444630799376321,-13.9089520578601,8.345339373057135,33.24211656395008
SN2006jx,Ib,r',54031.387351546255,54001.47338595194,-0.0969782893268677,-0.0297323921531036,10.000516134284782,30.002287789515762
SN2006jx,Ib,u',54065.68944733571,53989.984361124916,0.0005678349372845602,-0.16772354909395693,9.791635137170598,29.998728072928056
SN2006jx,Ib,z',53971.816097560986,53996.62601376851,-0.06509761625607863,-0.3085696184198691,5.282024125843925,30.20916001223367
SN2018avk,Ic,G,58275.4267820365,58107.76946000423,8.046592850324641e-05,0.864355809403365,34.095706245618054,36.42278099826602
SN2007ke,Ic,i',54341.876734928,54552.86171086175,3033.881695714372,-1512.750905082457,9.520617990199566,29.340445770687563
SN2007ke,Ic,r',54369.925436281155,54343.904146242894,48.17543689699122,-23.370342820662948,9.989476010438862,29.989271643437007
SN2005kf,Ic,i',53699.38256645738,53671.06430258355,12.707857596672126,-6.012694926528756,10.000471634661812,30.002579256628447
SN2005kf,Ic,r',53699.39422731771,53671.594113490544,13.697490531392418,-6.5318265464638,10.000691957886715,30.003705762722785
SN2017hix,Ic,G,58039.19648200665,58018.99708529291,165.8621126893707,-82.35795637335798,10.000234991917429,30.00125672262451
SN2017ihf,Ib,G,58084.74244530194,58059.53399482863,43.58976050238015,-21.400684143320678,10.000088864113193,30.000525781229072
SN2021vnw,Ib,G,59318.938161620055,64867.18491940038,52946.494059188015,-26419.996368213368,7.002964311361387,20.52976141952594
SN2022S,Ib_c,G,59585.06481579183,59584.62027156488,0.9678408255951456,0.23501468152724705,2.1011187173695145,0.10000000344256144
AT2020cgu,Ic,G,58650.304602876706,63779.49701596183,52503.79015625048,-26190.93390888749,2.1320244436756735,12.739244151102827
SN2005kl,Ic,i',53706.57908401591,53676.606584653615,1.1483892506022795,-0.09378919145142162,10.002973020025394,30.024195456881554
SN2005kl,Ic,r',53691.03344145926,53671.65745997802,-0.047380042578937985,-0.014081141301712063,9.61359149532769,27.76773187651207
SN2020nke,Ib,G,59018.06601885716,62907.50028310003,52786.084957285806,-26081.536467005917,9.933946159830537,29.85285600677732
SN2020bpf,Ib,G,58695.72694534316,64164.71554088615,52602.160747289956,-25907.22062541023,8.198537936236429,24.282695969853776
SN2006F,Ib,i',53752.308342291704,53722.4351707946,-0.7369665584476999,-1.3671920733981326,10.000504583853427,29.99933080555383
SN2006F,Ib,r',53752.23588029394,53722.252496217756,1.074598080750007,-0.1383388749914003,10.000126850490219,30.000716508389207
SN2020acyl,Ic,G,59209.832370439886,59182.98620952768,35.53077032484197,-17.3337515630535,10.000659755139912,30.00265913534085
SN2007gr,Ib_c,i',54348.41532679259,54319.01191644486,11.643240031643964,-5.327196535349159,10.000586195167726,30.003206687904417
SN2007gr,Ib_c,r',54347.452437161926,54317.99940754375,11.009728620602875,-5.009591855898485,10.0004626614399,30.002535537142645
SN2020oi,Ic,G,58873.24924810948,58843.24922759629,-343.1430589150046,-0.8681025920491698,9.999999997936058,30.000000000435243
SN2019qwo,Ib,G,58750.80758428402,58720.839373538816,-0.5121248147092096,-0.41388658762870645,10.000035092330407,29.99999225175807
SN2005kr,Ib_c,g',53681.25371638126,53489.75492381634,3.736767871055469,-1.555882074640081e-05,20.67432615576371,2.526910498283511
SN2005kr,Ib_c,i',53678.83480694287,53668.30269959283,0.06282166530571008,0.10936369266589642,10.296403888798803,4.455241903032188
SN2005kr,Ib_c,r',53410.92297419121,53910.64449566152,5.831431580539797e-06,5.025910030533351,99.20805736740176,99.03885998979433
SN2005kr,Ib_c,u',53678.26191467276,53671.268210866016,0.09450785297063048,0.28189179061747494,4.301769988878754,2.4935478056180047
SN2005kr,Ib_c,z',53677.27502153809,53668.17275512836,0.18426581849786633,0.02184147296614676,13.011490012306947,5.312084701387704
SN2018aks,Ic,G,58220.69928074851,58210.38476754437,53.58963556676764,-26.47948611111602,10.000011946708776,30.00005913410141
SN2019yxp,Ib,G,58844.983072901174,58817.20611574262,40.547078987281324,-19.770171880376317,10.000146036508728,30.00104467131821
SN2004gk,Ic,i',53338.544332413425,53309.3951613496,15.020015636187834,-7.004150628060729,10.000225943514504,30.001301951913955
SN2004gk,Ic,r',53338.5431559532,53309.32951303701,14.123183020969488,-6.560198493386842,10.000224555028778,30.00131692240347
Gaia18boc,Ib_c,G,58287.71123519639,17425.12012844481,5.658596402163181e-11,18.44525569526813,47.51535481267063,1.72394885650544
SN2005kz,Ic,i',53712.14185989883,53685.12204229038,2.116630890633411,-0.9139988656908875,10.001363568832998,30.00459002559185
SN2005kz,Ic,r',53710.07008054192,53681.54133571041,2.9566951590404917,-1.2786784488403815,10.000086348984851,30.000419363060406
SN2005gt,Ic,g',53640.236911036314,53610.5544542692,1.0391333828206042,-0.014897059896177789,9.9873903760602,30.003660450538884
SN2005gt,Ic,i',53415.92121810059,53621.512949728705,990.1311910705421,1250.0992187048325,11.175487440161634,2.5281784666459757
SN2005gt,Ic,r',53634.39508462272,53594.68727597512,4.501474563853248e-05,18.59920386786293,13.10389391719596,2.9377159307376526
SN2005gt,Ic,u',53908.61058504774,54050.233003600224,0.00023234155049927315,-5.405018626850685e-06,20.70752498829119,99.99926000383152
SN2005gt,Ic,z',54386.67707016631,53603.39897322808,1.8759973662855646e-17,52.33033528662494,21.844187592746554,99.99999999999999
SN2006ck,Ic,i',53879.28558686628,53850.026677922986,7.0015698856328195,-3.142282094390205,10.00048944578007,30.00237724103135
SN2006ck,Ic,r',53879.28510003606,53850.81018712396,13.923854083773628,-6.591687737977613,10.000342690666292,30.00156637365337
SN2018avy,Ib_c,G,58225.47181719344,58209.927662878006,209.3335104553056,-104.03218358173464,10.000026335823737,30.00010144231325
SN2007ce,Ic_Pec,i',54226.24570874803,54196.689192222715,4.943658006845575,-2.0714706935313028,10.000430336544403,30.002373560842884
SN2007ce,Ic_Pec,r',54226.2474985546,54196.73050133058,6.393670843124741,-2.7849814357774108,10.000420365602553,30.002305748741726
SN2020byp,Ic,G,58900.8602950628,58876.17872220451,62.07658238527188,-30.611179028352872,10.000266944049802,30.002572470580244
SN2017iuk,Ic,G,58118.65344024085,65931.00351794293,51505.15731998949,-25694.543275188968,9.98914771919565,30.015103827423953
SN2006jc,Ic,i',54021.50863971383,53991.648024723036,4.972923214478934,-1.9855005865864859,10.000114399950059,30.000698821195346
SN2006jc,Ic,r',54021.5079159231,53991.66240992645,5.186833862497143,-2.09245254366552,10.000078696310492,30.000477747712626
SN2016iae,Ic,G,57716.19992691561,57686.771651945084,4.333652641237737,-1.6517662888693874,10.002317823175614,30.000175430188538
SN2019rlw,Ib,G,58778.294779401294,58766.07172542035,152.34785304250315,-75.72542154419283,10.000199919791587,30.00230416695652
SN2006jo,Ib,g',54012.45327809549,53982.28824790647,-0.1680331254660212,-0.02181294095363806,10.01401037738302,30.01038173056328
SN2006jo,Ib,i',53994.93406701269,53987.99861268184,0.0879290644759529,-0.1062667090872712,9.638991339341276,30.12413816926558
SN2006jo,Ib,r',54011.31114519313,45566.472366901784,1.9787425077123147e-08,1.2017429223510905,14.396380010589242,2.3632454220612154
SN2006jo,Ib,u',54009.18642019115,53978.25491806195,0.18465225813592478,-0.18164584934762906,10.036105915067704,30.00947792148564
SN2006jo,Ib,z',54000.57712607316,53992.224541002935,0.05604730133101197,0.10351248011835446,11.704225950096525,5.438957205298974
Gaia14aam,Ib_c,G,56894.55112962144,56904.1306596007,1.4961267332419816,0.05599769451522386,9.98046207579403,99.99722743078644
SN2006ir,Ib_c,i',54016.270339880255,53987.47088759442,15.909993324344976,-7.517967919358124,10.001330187706685,30.00721769625246
SN2006ir,Ib_c,r',54016.290719994875,53987.76914044317,17.621184595673473,-8.395070067591806,10.00241721945277,30.014029351247867
SN2017dcc,Ic,G,57901.61500000088,57871.61499999393,2.1944779624746413,-0.6292940347467824,10.000000000004642,29.999999999998643
SN2004gt,Ib_c,i',53385.47166018661,53356.41758475951,14.876820738215649,-6.961508171856811,10.000022729164595,30.00009625353077
SN2004gt,Ib_c,r',53385.48632104976,53356.392859410094,14.822604341578577,-6.930583113801419,10.000515472517396,30.00271784442883
SN2005cy,Ib,G,58158.70760848518,58190.43043908895,0.023743663706636876,7.686480432687048,12.287171857696364,6.34922895094571
SN2007ju,IcQ,g',54380.540372865995,54350.1420784431,-0.3076847546156244,-0.46738023020403163,10.024793454034183,29.77423072779556
SN2007ju,IcQ,i',54180.571769543276,54347.009922615696,6.359073229537459,29.20061297658194,16.11884586486472,99.9999991801997
SN2007ju,IcQ,r',54183.5489307829,54352.283905460084,199.05305572278576,209.3402098820697,11.380251946097008,99.99481744493835
SN2007ju,IcQ,u',54341.53361334542,54355.81252674014,0.5548327163663319,6.120677230816253,5.3930288162856215,99.97464660211095
SN2007ju,IcQ,z',54379.872357830696,54349.593405481355,0.7714960684329935,-0.06247722066612332,10.00593065610383,30.013602863439232
ASASSN-21sk,Ic,G,59492.03953035545,65162.50671407896,52958.60049137553,-26435.95316375537,9.97660480056226,30.020994561270406
SN2020aauc,Ic,G,59203.79128180622,59175.76500500387,20.641144417769237,-9.894652308503202,10.000090734964878,30.000322141606343
SN2016cyj,Ib,G,57567.137446877416,58271.31070046273,489.7560893550589,-219.59772858431197,9.998576839404825,30.008129977445066
Gaia21fbg,Ib,G,59503.84783998902,59485.62319189969,124.26399045328361,-61.642471291990724,10.000093280986105,30.000348844802346
SN2006gi,Ic,i',54007.48514156747,53978.21210103319,11.327002499097894,-5.17912823221604,10.000575858641735,30.00293501059028
SN2006gi,Ic,r',54007.4893648441,53978.34399301352,13.632561648174256,-6.3315957932438,10.000746989135608,30.00387450655782
SN2022qh,Ic,G,59861.17366271965,80644.83589041203,-52639.391729327865,-18413.72121769115,38.223965258160135,24.328698520434063
SN2017eye,Ic,G,57926.973855914446,57944.76073716802,671.6746429576174,-334.994301527857,10.003243620782415,30.024546325956827
SN2017hbx,Ic,G,58029.84447362798,58006.20099402479,97.205002072288,-48.106285935438244,10.00016422352405,30.000969443999285
SN2007md,Ic,g',54375.90027175342,54362.859031146865,0.16327107170229707,0.019022040597270008,11.102698614727972,6.154963095618614
SN2007md,Ic,i',53170.75269401297,54877.64464298776,-0.08261945818537406,-328.23331010066426,5.365062892698006,45.93682543452374
SN2007md,Ic,r',54268.002606994756,54355.64066650516,-0.5646393313429696,-2.4870537740945604,6.899323775078549,0.5995000000000026
SN2007md,Ic,u',54376.43713285584,47523.490380326584,1.6218833542011183e-08,1.443044708286381,22.370017560233272,3.336557769559477
SN2007md,Ic,z',54421.05640492466,54356.8476738513,0.004391855467138628,-0.9378343945506438,10.72213758177422,30.073554598698337
SN2007cl,Ic,i',54158.82785989601,54233.11571275867,0.5194166600621692,40.60826893084368,10.36719615118516,8.187972725143618
SN2007cl,Ic,r',54217.46173909758,55035.9746883906,1099.6793417061963,-1.5772958932938319e-06,11.350982009605774,99.99999999999999
SN2005az,Ib,i',53479.323570044675,53460.53363217573,-0.8101206762267761,-0.06192078526103499,8.3390457576148,29.974133168421805
SN2005az,Ib,r',53475.35476329963,53446.042980240105,7.75395254360356,-3.459015386784233,10.000786601126482,30.00527730629351
SN2004fe,Ic,i',52597.84018451461,96881.68646027755,28006.00704120042,-12456.093184822581,4.987438348178157,45.24672299887132
SN2004fe,Ic,r',54164.806768463204,53507.27262794996,-53023.109259324476,33134.34474569629,74.52621326908317,11.029185110918526
SN2005mm,Ib,g',53652.20597625868,53685.13131916153,0.020025651771764057,-0.0002725397307201856,9.247538902136897,30.139524506785424
SN2005mm,Ib,i',53705.20651756737,53613.78608943365,0.0010232918759966554,0.00296507072137958,10.051219858600168,29.98461205028564
SN2005mm,Ib,r',53694.73354584534,53675.30806456492,0.2119643988957479,0.01984040197713719,6.417635835885099,4.3659324871301335
SN2005mm,Ib,u',53638.49924472633,52682.52155286041,0.8095628725120354,-1.3440734792788087e-07,1.9105807055895445,1.7060200916327097
SN2005mm,Ib,z',53623.29433696938,53595.14304295521,29.123208052818878,-14.084829345003596,10.00023251377801,30.001410003021736
SN2020zgl,Ib,G,59193.822315767444,59166.96677392916,55.74231820923545,-27.363763627928318,10.000032751144559,30.000261430917536
SN2016dzl,Ib,G,57443.22749455077,61939.80990134142,51282.61017727707,-25597.36887751605,6.281800510160243,16.64685371762325
SN2007I,Ic,i',54117.49544191899,54089.566867242655,16.065382431308326,-7.677072698291705,10.00087369578399,30.00561689584264
SN2007I,Ic,r',54117.48183051344,54088.56145939002,10.551661887652516,-4.89370634354548,10.000607708135504,30.004077138406604
SN2007C,Ib,i',54117.541654073364,54087.613314700764,1.7361881490710673,-0.3859487149719815,10.000847500211366,30.00493692005417
SN2007C,Ib,r',54117.54045262673,54087.619590250295,2.069814313688598,-0.555300297887025,10.000743273260426,30.004316464116272
SN2007aw,Ic,i',54010.75685280447,67369.58514709651,46974.4002388114,-23487.562615634546,8.416200832593875,32.34297561394097
SN2007aw,Ic,r',54184.80442710414,54191.65460380774,186.9748406694874,-92.84362583875878,9.995833419545374,30.005909571094197
SN2005nb,Ic,i',53745.550669748416,53717.240927311446,20.149238627757757,-9.654745428871976,10.000806799147059,30.0053675441506
SN2005nb,Ic,r',53745.545550885625,53717.09395761815,20.21516434079822,-9.67531322212256,10.000660556995467,30.00433033815074
SN2018oz,Ic,G,58152.24993156558,58128.75289769338,54.92832657499602,-27.075263639536022,10.00001142478343,30.000091368870862
SN2004gq,Ib,i',53353.29754362284,53325.783696886334,26.20851880809691,-12.682075563790342,10.001291263490172,30.01043805542541
SN2004gq,Ib,r',53379.227022456245,53350.32632417473,12.016324149817095,-5.61101869360264,10.000691229897342,30.00376415365174
SN2018hmk,Ib,G,58409.644054205324,58397.31676357441,150.48552854929832,-74.78846253477417,10.000249578032431,30.002170054729678
SN2022eb,Ib,G,59597.92354304813,59572.4571519752,41.693158569897136,-20.431973086948574,10.000096582801516,30.000414770563133
SN2016blz,Ic,G,57589.07499000022,57559.0749899986,2.227623344380314,-0.6358149148965662,10.000000000001098,29.999999999999687
SN2019vsi,Ib,G,58842.00185580191,58821.94828974445,176.91924963158598,-87.86845327590045,10.000001201128425,30.000005990534465
SN2017fwm,Ic,G,57965.148614575686,57939.89427427886,-0.7058337457896711,-0.5921807228939805,10.01378312018219,29.99271541319904
SN2020sgf,Ic,G,59118.64831967658,58919.156242221354,-25364.776159341418,-53368.345987175475,10.01814463736798,30.00057815636051
SN2016gkm,Ib_c,G,57652.316034166484,57624.07290552566,30.588177577169567,-14.789353717877638,10.000002709671557,30.000015708987508
SN2017izz,Ib_c,G,58098.67917236072,62439.52269598733,51809.90409518501,-25870.897789707942,9.830571503915877,30.10319522186804
SN2010gx,Ic,g',55277.58102966268,55237.36747845195,2.0515111749333666e-06,587.7645463752785,11.075324272967155,11.413141437489132
SN2010gx,Ic,i',55266.580846191886,55237.88951453654,3.6205929354876136e-06,461.4085759245213,16.802485258780266,13.155612217164315
SN2010gx,Ic,r',55155.410162839544,55239.615621818775,0.7433928584417271,-0.36977570591538733,9.146004544759869,30.144599778285354
SN2010gx,Ic,u',55278.29177266615,55236.988068013095,2.2772943787552937e-06,434.1518329484229,8.697198500456372,9.109180938922064
SN2010gx,Ic,z',55262.40120670048,55237.79117041376,1.8977243897572665e-05,87.81386071175112,19.311049356151052,12.209558338608948
SN2022aav,Ib,G,59604.1716916842,59613.47672674133,0.09968723251216564,4.091943979008224,6.218002021329868,2.028272554925788
SN2021jao,Ib,G,59492.65531259427,59338.43207152807,5.591166308209109,101.0646015928422,38.721013963496766,10.457753444329356
SN2019cri,Ic,G,58655.70245171553,67523.84406332579,51850.73449470481,-25878.645883664216,9.834944072599825,29.933666435283467
Gaia21cdw,Ib,G,59335.50424130202,59307.11682125078,15.452502510212843,-7.331636677022176,9.999991887082093,29.999966626516635
SN2019svd,Ib_c,G,58781.555423082966,63990.678090415626,52377.41808207599,-26133.307664940552,9.602656642960723,29.005533423489805
SN2020aers,Ib_c,G,59213.16466068155,59214.573942308176,327.82481884244544,-163.30821134020934,10.00104872660199,30.007625399131655
SN2019buy,Ib,G,58558.33790511499,58424.272573575356,1.6902853649193988e-05,4.598849933084986,47.7478898962256,10.121701168982037
SN2019tqb,Ic,G,58795.79956,58765.79955996427,-1.0871401856723948e-16,0.021954303924591623,9.99999999994815,30.000000000017227
SN2018cim,Ib,G,58284.72567815312,58264.94686123333,163.34563608659,-81.1299248925548,10.000226834696129,30.001626037340444
SN2020nf,Ic,G,58869.16194172042,58839.163866237075,-0.13449755035081518,-0.01000730945772521,9.992437564169586,29.99912442442249
SN2007gl,Ib_c,g',54347.541662928714,54322.77721651212,44.159712848272946,-21.685564487843845,10.004278615649016,30.027489368459115
SN2007gl,Ib_c,i',54347.48017391949,54320.408457869045,28.082516540535607,-13.643535534006915,10.002413430192764,30.015215062491233
SN2007gl,Ib_c,r',54347.51283606969,54322.0127439476,37.46912957988502,-18.34979078816094,10.003954048817876,30.02484125480009
SN2007gl,Ib_c,u',54391.65529724688,54360.41700578384,0.13619535218204157,-0.1001897067164041,10.022993617428698,29.99189116463899
SN2007gl,Ib_c,z',54347.48364412453,54320.674453873515,37.95016662685982,-18.52723358340285,10.00202315060971,30.01280349777042
SN2005bf,Ib_c,i',53507.539879946475,53470.576779991075,0.2545918856236932,0.004962244183390503,8.718465715764868,9.121829578473342
SN2005bf,Ib_c,r',53497.732006162194,53473.44703858761,0.5509661636914295,0.00437814869848871,9.460650941677358,7.945315810465914
SN2021qzp,Ib_c,G,59422.666605363585,59392.65100989342,-0.08203652310313364,-0.0297979301581055,10.000600680831965,29.99998996093849
SN2018ffz,Ic,G,58354.56813084088,61119.46752402511,52120.975710026076,-26030.74356801189,9.91335681541208,29.576445726049773
SN2007rz,Ic,i',54454.28931423612,54425.097772816305,11.144000708357096,-5.142499042670944,10.00039951743015,30.002663549686783
SN2007rz,Ic,r',54455.277043543945,54425.69190226914,6.377091112749916,-2.7527906928000276,10.000616909825368,30.003961065455332
SN2019uff,Ib,G,58798.47867444383,58768.7219725889,1.6204533949457534,-0.33410351360371604,10.00546027998827,30.00078710642723
SN2006lv,Ib,i',54043.53699969725,54016.621022967905,23.303023155118655,-11.291823189263592,10.002212635068853,30.012418409656615
SN2006lv,Ib,r',54045.54697005134,54017.93031819734,20.121224857300355,-9.694464547841566,10.001646170166099,30.00969196817318
SN2006cb,Ib,i',53863.20907133299,53833.56472575422,5.257750746859916,-2.231574626481139,9.999987215801738,29.999894694721142
SN2006cb,Ib,r',53572.67033800716,57444.445528406126,48045.884885462445,-24014.186149527803,4.81487878773933,31.026083455104928
SN2017hxt,Ib,G,58072.04391934623,57967.56617788484,217.66150976450865,-262.54161294086674,10.009005012886531,29.995969109750572
SN2006oz,Ib,g',54069.904214231865,54011.12237904099,-2.8813756935974766e-14,-0.04242039888245059,9.359916581893787,30.013277039667237
SN2006oz,Ib,i',54035.93174121018,54018.420585986736,4.7784252330239394e-05,11.412157238683017,50.60289122948189,11.215577615339697
SN2006oz,Ib,r',54038.15762119069,54018.257927325,1.3371561842652219e-05,47.20749040637675,43.39418253346468,11.163690167323258
SN2006oz,Ib,u',54044.22584060949,54015.837205338554,0.00016363599591494565,5.422824997506675,28.318427893256317,11.119209660855521
SN2006oz,Ib,z',54035.569162818945,54019.41995120792,1.5961970813657595e-05,32.66818841606412,53.489476746590555,9.757702156586888
SN2018hnw,Ib_c,G,58433.38961334391,61649.54418435841,52173.315904317205,-26047.97666775242,9.999818859157504,29.99991467092224
SN2017ixh,Ic,G,58099.70128010177,58079.406391454635,155.9890185676435,-77.43516861873033,10.000415793291209,30.001838405059107
SN2016jag,Ib,G,57764.31990027708,57767.9106932009,0.03129964346687163,59.960012503925824,6.334040199604446,99.59780570181752
SN2021dah,Ic,G,59297.607656965156,59286.252998647404,192.87993082184033,-95.8500594801811,10.00019941754127,30.000835786305412
SN2019uda,Ib_c,G,58786.96973546335,64176.535069077225,52352.285324544966,-26126.612062257354,9.899768927357366,29.725834627614184
SN2019tls,Ib,G,58806.71502594236,58784.324245378826,118.98931707711344,-58.93117963582178,10.000019265442042,30.0000776372246
SN2005hl,Ib,g',53624.861472014185,53595.89189452876,-0.6392381617686509,-0.4919722970024158,9.98920000511609,29.941509364038367
SN2005hl,Ib,i',53634.345220496754,53604.55384189696,-0.472020014310151,-1.312048944466484,9.909574455623005,29.973706235717927
SN2005hl,Ib,r',53634.15575759339,53604.24376221059,-0.7616764585262003,-0.5441130604977404,9.991044912686068,29.998127631268996
SN2005hl,Ib,u',53622.208848788265,53592.21844332184,1.960885303421803,-0.48307422888899104,10.000316439628405,30.001768319344812
SN2005hl,Ib,z',53636.4008474278,53607.10380902982,-0.2550201826229459,-0.8110010008365869,9.715719482782283,29.93783047982302
SN2019cwt,Ic_Pec,G,58587.70896669111,58561.449532534236,67.26751489376774,-33.121225487257284,10.000005659720605,30.000012979048805
SN2017ein,Ic,G,57903.84212622463,53010.85842929176,5.0408614831995586e-08,1.4091099275499515,55.35803238615202,3.776877882892849
SN2018dbg,Ib_c,G,58303.40798054884,63437.364902474386,51938.01740615136,-25928.649374478166,9.86548653357659,30.10164629567098
SN2016bkj,Ib,G,57491.067279581126,57487.17390510131,0.011396018485994395,5.558288949067786,0.1574926260900735,0.15640847159431676
SN2018cew,Ib,G,58227.60251371448,62152.590085454336,51990.72963122022,-25956.68603646639,6.925962399914075,16.22550191738655
SN2006bf,Ib,i',53827.40898268594,53798.11546846319,9.03951591289119,-4.11967063781416,10.0004991417604,30.002775928413257
SN2006bf,Ib,r',53828.36218508683,53798.909890915915,6.748125723128042,-2.9754192927670498,10.000439851364083,30.002445848308586
SN2021lax,Ib,G,59360.10242,59330.10242,-0.15714994028271778,0.45064571553372007,10.0,30.0
SN2021qip,Ib,G,59380.78245328894,70860.13159751153,52112.242591414855,-25989.13286016779,9.890245301920153,30.186627793411617
SN2019eix,Ic,G,58608.31598336559,58579.87628555166,25.368373700404717,-12.190867406974334,10.000012764044035,30.000055798069052
SN2008bo,Ib_c,i',54565.29116514478,54446.776921685916,0.23096620769495713,-0.010590633899028593,9.635729175856033,25.213884985061604
SN2008bo,Ib_c,r',54376.26630567985,54541.126398586406,158.6260808796059,160.15778105458213,11.458560717997365,99.99999994092202
SN2007ag,Ib,i',54171.333098715404,54141.51875190088,1.3512837907923045,-0.33225228210119206,10.000388456906668,30.001976657067587
SN2007ag,Ib,r',54170.216781492636,54140.54548367413,2.9065452392319884,-1.1099260684760734,10.000422279711776,30.00213942727243
SN2021fxf,Ic,G,59320.30812231808,59248.69822388899,0.013731888482843327,0.0281464075187029,26.28674965370922,31.20072176929714
SN2007iq,Ic_Pec,i',54363.485013552614,54335.65921586914,31.28105213659148,-15.166413103277149,10.002589905690208,30.015806472934756
SN2007iq,Ic_Pec,r',54363.48732808536,54335.85903224237,33.252151285195886,-16.155078828281507,10.002943420129782,30.01774967062897
SN2016ghi,Ic,G,57644.45633196715,57619.51612659399,47.651702938578396,-23.359608378675837,10.0014204652389,30.013392076885772
SN2018gsk,Ic,G,58393.328530194136,62180.26673743516,52115.448687374854,-25996.59171401957,9.809780372837942,29.987421038452204
SN2017jmj,Ic,G,58100.503159449596,112745.94149019438,17735.389429020237,-8678.66384183563,6.9805503905256465,30.722052724322662
SN2021lvb,Ib,G,59355.069500279875,59325.641696043254,4.938861459052979,-2.0027165055729914,10.001409428075942,30.000195691515668
SN2018liq,Ic,G,58465.04973668228,62764.29027950383,52196.35708746007,-26057.34802717493,7.852009394702227,20.704988493951646
SN2016emb,Ic,G,57586.35639789509,62397.27405296653,51324.81561297605,-25623.708173095943,9.261920574743197,26.388060986118155
SN2005hm,Ib,g',53644.61111644751,53666.30274762354,0.9344078067601099,0.00244929769529924,16.055584958261207,3.823194066958518
SN2005hm,Ib,i',53642.108265247014,45157.18632634439,7.944956050715229e-08,0.25090758172845995,32.43183532278346,4.67584424372304
SN2005hm,Ib,r',53640.70147598648,45035.06874799141,7.158697957453871e-08,0.289387075999094,27.977886304166745,4.2898865551346494
SN2005hm,Ib,u',53629.821169893185,53634.487237258494,1.9851619857296172,0.2081567198401384,3.8641845110725517,0.39724646684238163
SN2005hm,Ib,z',53460.36585737465,53622.90376290295,701.4595554350354,0.2804910213360515,15.855190860089932,99.9954942852397
SN2009jf,Ib,i',55122.1477844456,55092.43443822839,2.9897196759729137,-1.0671964681249086,10.000756699823658,30.004495439333972
SN2009jf,Ib,r',55122.150109388356,55092.30721953547,1.778120469921372,-0.4610219609528792,10.000730565328501,30.004291738225483
SN2009jf,Ib,u',55119.22001404278,55089.20943431096,1.6970013500146992,-0.39829865302306905,10.00009012798461,30.00035881378298
SN2006lc,Ib_c,g',54265.372422562774,53909.713820087854,0.34782177178178264,-327.04579047483884,33.80120093351515,7.5918307204544675
SN2006lc,Ib_c,i',53802.09534158942,54048.16271746141,-0.717335501310586,-0.07669288779545581,1.1170807121030144,31.517197671973932
SN2006lc,Ib_c,r',54045.51388016137,53684.11515344169,-0.9909521094852529,-9.433827629184734,10.02519709593013,29.9918345951739
SN2006lc,Ib_c,u',54045.31797354958,53705.62581331974,0.8180749489662918,-127.8202044074202,10.06982028736405,29.974680304307153
SN2006lc,Ib_c,z',54028.06431864694,54027.64660075449,0.20651646177018518,0.0959204626760967,9.05195341204154,0.709486856252683
SN2020voz,Ib,G,59159.59001605358,59129.21599411783,-0.8643922806284271,-1.5421350665430675,9.999999645959978,29.99999910267884
SN2021adgu,Ic,G,59320.74173051717,65178.90911095735,53002.48613784105,-26444.367339294044,4.323265776993296,10.094525167672849
SN2006nx,Ib,g',54063.73612607246,53961.01855328101,0.00046677334352550706,-0.002871229496844058,10.265872597646831,29.964909206869393
SN2006nx,Ib,i',54056.84888124181,53981.725914566094,-0.031875537551306204,-0.06040471252982524,9.62753491038657,29.99753516964744
SN2006nx,Ib,r',54060.5658416262,53988.91287926642,-0.000602794424937158,-0.037305456131691034,9.827481111191236,29.99529652941189
SN2006nx,Ib,u',54059.10469296227,54010.44454512808,0.5208753281499661,0.0004185330297554475,4.95020131420581,4.554570217184152
SN2006nx,Ib,z',54060.64425904438,53959.08177525129,0.0022074266037221887,-0.003572303778053971,9.993246878469543,29.98696539334715
SN2017iwh,Ic,G,58096.1738122044,58077.943697439434,224.10819429695186,-111.45766475200915,10.004095741679482,30.02568564468734
SN2021rjj,Ib,G,59401.64189712998,101885.31150800337,37131.55239585468,-18425.00564689661,9.973515796831345,30.073259837452365
SN2016cce,Ic,G,57532.2810000031,57502.2810000049,2.5024884787116934,-0.7962551760270281,10.000000000024418,29.999999999999215
SN2018hcz,Ib_c,G,58332.75555934377,62754.301497274064,52075.2813291804,-25991.59626599377,8.443902467981571,24.908733013492267
SN2015K,Ic,G,57146.64763357184,57118.7021921645,26.130072537807198,-12.611680072111877,10.000024220627372,30.000093963539147
SN2018ebt,Ib_c,G,58319.72911345932,58294.78082496179,99.16728029532857,-49.032074936534855,10.00015323196983,30.001105749547623
SN2021hrj,Ib,G,59327.35675818662,59306.75104484721,130.17877452310623,-64.5788718151772,10.000037918893895,30.000121027300324
Gaia15aam,Ib_c,G,57030.29156506437,57102.258097607795,792.230032845787,-394.94043320863744,9.988946397121403,30.00071908317893
SN2017ewx,Ib,G,57961.03490587762,57915.4677805523,-0.047628980220480774,-0.026534246168038955,10.011325985294485,29.996033668796734
SN2007sj,Ib_c,g',54433.532548481184,54356.37878896462,0.00037082651760109354,-0.009849049959227052,10.033359155074429,29.752107471316574
SN2007sj,Ib_c,i',54433.698186503556,54378.45501533904,0.0006644760339474786,-0.04909415402104195,9.620384966706794,30.002481371282546
SN2007sj,Ib_c,r',54447.14055553413,54331.5662809821,-7.48691708220345e-05,-0.005040032898845304,10.037474207102544,29.969846810311186
SN2007sj,Ib_c,u',54520.36851382632,54428.21365537396,127.12726014122643,4304.512766509563,67.68170051463241,4.894263322953596
SN2007sj,Ib_c,z',54439.36195044422,54403.20500123933,0.004193758694923092,-0.0008354190064129396,10.617610694816658,29.87923837651733
SN2017hyf,Ib,G,58101.2760001016,58071.275999270554,2.5007320178129344,-0.7999061810464048,10.000000000593237,29.999999999825356
SN2019dps,Ic,G,58592.221175218685,58566.39692995032,55.76098700491157,-27.435726096025085,10.000077487720116,30.00070734741908
